1,0,610,0,0,0,{'RT': [], 'RW': [], 'LB': ['1'], 'D': [], 'SP': [], 'M': [], 'CF': [], 'P': [], 'R': []},2,6,0,{'RT': [], 'RW': [], 'LB': ['1'], 'D': [], 'SP': [], 'M': [], 'CF': [], 'P': [], 'R': []},0,1,0,0
1,1,4917,1,0,0,{'RT': [], 'RW': [], 'LB': [], 'D': [], 'SP': [], 'M': [], 'CF': [], 'P': [], 'R': ['1']},0,0,1,{'RT': [], 'RW': ['1'], 'LB': [], 'D': [], 'SP': [], 'M': [], 'CF': [], 'P': [], 'R': []},1,0,0,0
1,2,1114,1,0,0,{'RT': [], 'RW': [], 'LB': [], 'D': [], 'SP': [], 'M': [], 'CF': [], 'P': [], 'R': ['1']},0,0,0,{'RT': [], 'RW': [], 'LB': [], 'D': [], 'SP': ['1', '2'], 'M': [], 'CF': [], 'P': ['1', '2'], 'R': []},0,1,0,0
1,3,3683,0,1,1,{'RT': [], 'RW': [], 'LB': ['1'], 'D': [], 'SP': [], 'M': [], 'CF': [], 'P': [], 'R': []},0,8,0,{'RT': [], 'RW': ['1'], 'LB': ['1'], 'D': [], 'SP': [], 'M': [], 'CF': ['1', '2'], 'P': [], 'R': []},1,1,0,0
1,4,2702,0,0,0,{'RT': [], 'RW': [], 'LB': [], 'D': [], 'SP': [], 'M': [], 'CF': [], 'P': [], 'R': ['1']},0,0,5,{'RT': [], 'RW': [], 'LB': [], 'D': [], 'SP': ['1'], 'M': [], 'CF': [], 'P': [], 'R': ['1', '2']},1,0,0,0
1,5,4939,0,0,1,{'RT': [], 'RW': ["F"], 'LB': [], 'D': [], 'SP': [], 'M': [], 'CF': [], 'P': [], 'R': []},0,0,1,{'RT': [], 'RW': ['1'], 'LB': [], 'D': [], 'SP': [], 'M': [], 'CF': [], 'P': [], 'R': []},1,0,0,0
2,0,5519,0,0,0,{'RT': [], 'RW': [], 'LB': [], 'D': [], 'SP': [], 'M': [], 'CF': [], 'P': [], 'R': []},0,0,0,{'RT': [], 'RW': [], 'LB': [], 'D': [], 'SP': [], 'M': [], 'CF': [], 'P': [], 'R': ['1']},0,0,0,0
2,1,5631,0,0,0,{'RT': [], 'RW': [], 'LB': [], 'D': [], 'SP': [], 'M': [], 'CF': [], 'P': [], 'R': []},0,0,2,{'RT': [], 'RW': [], 'LB': ['1'], 'D': [], 'SP': [], 'M': [], 'CF': [], 'P': [], 'R': ['1']},0,0,0,0
2,2,5033,0,0,1,{'RT': [], 'RW': ["F"], 'LB': [], 'D': [], 'SP': [], 'M': [], 'CF': [], 'P': [], 'R': []},0,0,1,{'RT': [], 'RW': ["1","2"], 'LB': [], 'D': [], 'SP': [], 'M': [], 'CF': [], 'P': [], 'R': []},0,0,0,0
2,3,3739,0,0,0,{'RT': [], 'RW': [], 'LB': [], 'D': [], 'SP': [], 'M': [], 'CF': [], 'P': [], 'R': []},0,1,0,{'RT': [], 'RW': [], 'LB': [], 'D': [], 'SP': [], 'M': [], 'CF': [], 'P': [], 'R': []},0,0,0,0
2,4,865,0,0,0,{'RT': [], 'RW': [], 'LB': [], 'D': [], 'SP': [], 'M': ['1'], 'CF': [], 'P': [], 'R': []},1,1,2,{'RT': [], 'RW': ['1', '2'], 'LB': [], 'D': [], 'SP': [], 'M': ['1', '2'], 'CF': [], 'P': [], 'R': []},1,0,0,0
3,0,3161,0,0,0,{'RT': [], 'RW': [], 'LB': [], 'D': [], 'SP': [], 'M': [], 'CF': [], 'P': [], 'R': []},0,0,0,{'RT': [], 'RW': [], 'LB': [], 'D': [], 'SP': [], 'M': [], 'CF': [], 'P': [], 'R': []},0,0,0,0
3,1,148,1,0,0,{'RT': [], 'RW': [], 'LB': [], 'D': [], 'SP': [], 'M': [], 'CF': ['1'], 'P': [], 'R': []},4,0,0,{'RT': [], 'RW': ['1', '2'], 'LB': ['1', '2'], 'D': [], 'SP': [], 'M': [], 'CF': ['1'], 'P': [], 'R': ['1']},1,0,0,0
3,2,5483,0,0,0,{'RT': [], 'RW': [], 'LB': [], 'D': [], 'SP': [], 'M': [], 'CF': [], 'P': [], 'R': []},0,0,0,{'RT': [], 'RW': [], 'LB': [], 'D': [], 'SP': [], 'M': [], 'CF': [], 'P': [], 'R': []},0,0,0,0
3,4,1241,1,0,0,{'RT': [], 'RW': [], 'LB': [], 'D': [], 'SP': [], 'M': [], 'CF': ['1'], 'P': [], 'R': []},7,0,0,{'RT': [], 'RW': ['1', '2'], 'LB': [], 'D': [], 'SP': ['1', '2'], 'M': [], 'CF': ['1'], 'P': [], 'R': ['1']},1,0,0,0
3,5,3949,0,0,0,{'RT': [], 'RW': [], 'LB': [], 'D': [], 'SP': [], 'M': [], 'CF': [], 'P': [], 'R': []},0,0,0,{'RT': [], 'RW': [], 'LB': ['1'], 'D': [], 'SP': [], 'M': [], 'CF': [], 'P': [], 'R': []},0,0,1,0
3,3,5158,0,0,0,{'RT': [], 'RW': [], 'LB': [], 'D': [], 'SP': [], 'M': [], 'CF': [], 'P': [], 'R': []},0,0,0,{'RT': [], 'RW': [], 'LB': [], 'D': [], 'SP': [], 'M': [], 'CF': [], 'P': [], 'R': []},0,0,0,0
2,5,4678,0,0,0,{'RT': [], 'RW': [], 'LB': [], 'D': [], 'SP': ['1'], 'M': [], 'CF': [], 'P': [], 'R': []},0,0,0,{'RT': [], 'RW': [], 'LB': [], 'D': [], 'SP': ['1'], 'M': [], 'CF': [], 'P': ['1', '2'], 'R': []},1,0,0,0
4,0,4618,0,0,0,{'RT': [], 'RW': [], 'LB': [], 'D': [], 'SP': [], 'M': [], 'CF': ['1'], 'P': [], 'R': []},1,2,0,{'RT': [], 'RW': [], 'LB': ['1'], 'D': [], 'SP': [], 'M': [], 'CF': ['1'], 'P': [], 'R': []},1,0,0,0
4,1,1285,0,0,0,{'RT': [], 'RW': [], 'LB': [], 'D': [], 'SP': [], 'M': ['1'], 'CF': [], 'P': [], 'R': []},0,4,0,{'RT': [], 'RW': ['1', '2'], 'LB': ['1'], 'D': [], 'SP': [], 'M': ['1'], 'CF': [], 'P': [], 'R': []},0,1,0,0
4,2,5912,0,0,0,{'RT': [], 'RW': [], 'LB': ['1'], 'D': [], 'SP': [], 'M': [], 'CF': [], 'P': [], 'R': []},1,0,0,{'RT': [], 'RW': [], 'LB': [], 'D': [], 'SP': [], 'M': [], 'CF': [], 'P': [], 'R': []},1,0,0,0
4,3,5406,0,0,0,{'RT': [], 'RW': [], 'LB': ['1'], 'D': [], 'SP': [], 'M': [], 'CF': [], 'P': [], 'R': []},0,4,0,{'RT': [], 'RW': [], 'LB': ['1', '2'], 'D': [], 'SP': ['1', '2'], 'M': [], 'CF': ['1'], 'P': [], 'R': []},1,0,0,0
4,4,1360,0,0,1,{'RT': [], 'RW': [], 'LB': [], 'D': [], 'SP': [], 'M': [], 'CF': [], 'P': [], 'R': []},0,1,1,{'RT': [], 'RW': ['1', '2'], 'LB': [], 'D': [], 'SP': [], 'M': [], 'CF': ['1'], 'P': [], 'R': []},1,0,0,0
4,5,4039,1,0,0,{'RT': [], 'RW': [], 'LB': [], 'D': [], 'SP': [], 'M': [], 'CF': [], 'P': [], 'R': ['1']},0,5,0,{'RT': [], 'RW': [], 'LB': [], 'D': [], 'SP': [], 'M': [], 'CF': [], 'P': [], 'R': ['1']},1,0,0,0
5,0,4933,0,0,1,{'RT': [], 'RW': [], 'LB': [], 'D': [], 'SP': [], 'M': [], 'CF': [], 'P': [], 'R': []},0,0,1,{'RT': [], 'RW': [], 'LB': [], 'D': [], 'SP': [], 'M': [], 'CF': [], 'P': [], 'R': []},1,0,0,0
5,1,5032,0,0,0,{'RT': [], 'RW': [], 'LB': [], 'D': [], 'SP': [], 'M': [], 'CF': [], 'P': [], 'R': []},0,0,0,{'RT': [], 'RW': ['1', '2'], 'LB': [], 'D': [], 'SP': ['1'], 'M': ['1', '2'], 'CF': [], 'P': [], 'R': []},1,0,0,0
5,5,2056,0,0,0,{'RT': [], 'RW': [], 'LB': [], 'D': [], 'SP': [], 'M': [], 'CF': ["1"], 'P': [], 'R': []},5,1,0,{'RT': [], 'RW': ['2'], 'LB': [], 'D': [], 'SP': ['1'], 'M': [], 'CF': ['1'], 'P': [], 'R': []},1,0,0,0
5,2,3560,0,0,0,{'RT': [], 'RW': [], 'LB': ['1'], 'D': [], 'SP': [], 'M': [], 'CF': [], 'P': [], 'R': []},0,2,0,{'RT': [], 'RW': [], 'LB': ['1'], 'D': [], 'SP': [], 'M': [], 'CF': [], 'P': [], 'R': []},0,0,0,0
6,0,5158,0,0,0,{'RT': [], 'RW': [], 'LB': [], 'D': [], 'SP': [], 'M': [], 'CF': [], 'P': [], 'R': []},0,0,1,{'RT': [], 'RW': [], 'LB': [], 'D': [], 'SP': [], 'M': [], 'CF': [], 'P': [], 'R': ['1']},1,0,0,0
6,1,4039,0,0,0,{'RT': [], 'RW': [], 'LB': [], 'D': [], 'SP': [], 'M': [], 'CF': [], 'P': [], 'R': ['1']},3,1,0,{'RT': ['1'], 'RW': [], 'LB': ['1'], 'D': [], 'SP': [], 'M': [], 'CF': [], 'P': ['1', '2'], 'R': []},1,0,0,0
6,5,4917,1,0,0,{'RT': [], 'RW': [], 'LB': [], 'D': [], 'SP': [], 'M': [], 'CF': [], 'P': [], 'R': ['1']},1,1,3,{'RT': [], 'RW': [], 'LB': [], 'D': [], 'SP': [], 'M': [], 'CF': [], 'P': [], 'R': ['1']},1,0,0,0
6,2,2702,0,0,0,{'RT': ['1'], 'RW': [], 'LB': [], 'D': [], 'SP': [], 'M': [], 'CF': [], 'P': [], 'R': []},3,0,2,{'RT': ['1'], 'RW': [], 'LB': [], 'D': [], 'SP': [], 'M': [], 'CF': [], 'P': [], 'R': ['1', '2']},1,0,0,0
6,3,4943,0,0,0,{'RT': [], 'RW': [], 'LB': ['1'], 'D': [], 'SP': [], 'M': [], 'CF': [], 'P': [], 'R': []},0,1,0,{'RT': [], 'RW': [], 'LB': ['1'], 'D': [], 'SP': [], 'M': [], 'CF': [], 'P': [], 'R': []},1,0,0,0
6,4,5033,0,0,0,{'RT': [], 'RW': ['1'], 'LB': [], 'D': [], 'SP': [], 'M': [], 'CF': [], 'P': [], 'R': []},0,0,1,{'RT': [], 'RW': ['1'], 'LB': [], 'D': [], 'SP': ['1'], 'M': [], 'CF': [], 'P': [], 'R': []},1,0,0,0
5,3,4940,0,0,0,{'RT': [], 'RW': [], 'LB': [], 'D': [], 'SP': [], 'M': ['1'], 'CF': [], 'P': [], 'R': []},0,0,0,{'RT': [], 'RW': [], 'LB': ["1"], 'D': [], 'SP': ["1"], 'M': ["1"], 'CF': [], 'P': [], 'R': []},1,1,0,0
5,4,4525,0,0,0,{'RT': [], 'RW': [], 'LB': ['1'], 'D': [], 'SP': [], 'M': [], 'CF': [], 'P': [], 'R': []},0,1,0,{'RT': [], 'RW': [], 'LB': ['1'], 'D': [], 'SP': ['1'], 'M': ['1'], 'CF': [], 'P': [], 'R': []},1,0,0,0
7,2,4678,0,0,0,{'RT': [], 'RW': [], 'LB': [], 'D': [], 'SP': ['1'], 'M': [], 'CF': [], 'P': [], 'R': []},4,0,0,{'RT': [], 'RW': [], 'LB': [], 'D': [], 'SP': ['1'], 'M': [], 'CF': [], 'P': [], 'R': []},1,0,0,0
7,1,3949,0,0,0,{'RT': [], 'RW': [], 'LB': [], 'D': [], 'SP': [], 'M': [], 'CF': [], 'P': [], 'R': []},0,0,0,{'RT': [], 'RW': [], 'LB': ['1'], 'D': [], 'SP': [], 'M': [], 'CF': [], 'P': [], 'R': ['1']},0,0,1,0
7,0,1369,0,0,1,{'RT': [], 'RW': [], 'LB': [], 'D': [], 'SP': [], 'M': [], 'CF': [], 'P': [], 'R': []},0,0,0,{'RT': ['1', '2'], 'RW': [], 'LB': [], 'D': [], 'SP': [], 'M': [], 'CF': [], 'P': [], 'R': []},1,0,0,0
7,5,5406,0,0,0,{'RT': [], 'RW': [], 'LB': [], 'D': [], 'SP': [], 'M': ['1'], 'CF': [], 'P': [], 'R': []},0,1,1,{'RT': [], 'RW': [], 'LB': [], 'D': [], 'SP': [], 'M': ['1'], 'CF': [], 'P': [], 'R': []},0,1,0,0
7,4,865,0,0,0,{'RT': ['1'], 'RW': [], 'LB': [], 'D': [], 'SP': [], 'M': [], 'CF': [], 'P': [], 'R': []},2,0,2,{'RT': ['1'], 'RW': [], 'LB': [], 'D': [], 'SP': [], 'M': [], 'CF': ['1'], 'P': [], 'R': []},1,0,0,0
8,0,5032,0,0,0,{'RT': [], 'RW': [], 'LB': [], 'D': [], 'SP': [], 'M': [], 'CF': [], 'P': [], 'R': []},0,0,0,{'RT': [], 'RW': [], 'LB': [], 'D': [], 'SP': [], 'M': [], 'CF': [], 'P': [], 'R': []},0,0,1,0
8,1,1285,0,0,0,{'RT': ['1'], 'RW': [], 'LB': [], 'D': [], 'SP': [], 'M': [], 'CF': [], 'P': [], 'R': []},0,0,0,{'RT': ['1'], 'RW': [], 'LB': ['1', '2'], 'D': [], 'SP': [], 'M': [], 'CF': ['1'], 'P': [], 'R': []},1,0,0,0
8,4,3161,0,0,0,{'RT': [], 'RW': ['1'], 'LB': [], 'D': [], 'SP': [], 'M': [], 'CF': [], 'P': [], 'R': []},0,0,0,{'RT': [], 'RW': [], 'LB': [], 'D': [], 'SP': [], 'M': [], 'CF': [], 'P': [], 'R': []},1,0,1,0
8,5,1114,0,0,0,{'RT': [], 'RW': [], 'LB': [], 'D': [], 'SP': [], 'M': [], 'CF': [], 'P': [], 'R': ['1']},0,2,3,{'RT': ['1'], 'RW': [], 'LB': [], 'D': [], 'SP': [], 'M': [], 'CF': ['2'], 'P': [], 'R': ['1']},1,0,0,0
8,2,148,0,0,0,{'RT': [], 'RW': [], 'LB': [], 'D': [], 'SP': [], 'M': [], 'CF': [], 'P': [], 'R': ['1']},9,0,1,{'RT': ['1'], 'RW': [], 'LB': [], 'D': [], 'SP': [], 'M': [], 'CF': ['1'], 'P': [], 'R': ['1']},0,1,0,0
8,3,4618,0,0,0,{'RT': [], 'RW': [], 'LB': ['1'], 'D': [], 'SP': [], 'M': [], 'CF': [], 'P': [], 'R': []},0,5,0,{'RT': [], 'RW': [], 'LB': ['1'], 'D': [], 'SP': [], 'M': [], 'CF': [], 'P': [], 'R': []},1,0,0,0
9,0,5912,0,0,0,{'RT': [], 'RW': [], 'LB': ['1'], 'D': [], 'SP': [], 'M': [], 'CF': [], 'P': [], 'R': []},0,0,2,{'RT': [], 'RW': [], 'LB': ['1'], 'D': [], 'SP': [], 'M': [], 'CF': [], 'P': [], 'R': []},1,0,0,0
9,1,5483,0,0,0,{'RT': [], 'RW': [], 'LB': [], 'D': [], 'SP': [], 'M': [], 'CF': [], 'P': [], 'R': []},0,0,0,{'RT': [], 'RW': [], 'LB': [], 'D': [], 'SP': [], 'M': ['1'], 'CF': [], 'P': [], 'R': []},1,0,0,0
9,4,4939,0,0,1,{'RT': [], 'RW': [], 'LB': [], 'D': [], 'SP': [], 'M': [], 'CF': [], 'P': [], 'R': []},0,1,0,{'RT': ['1', '2'], 'RW': [], 'LB': [], 'D': [], 'SP': [], 'M': [], 'CF': [], 'P': [], 'R': []},1,0,0,0
9,2,1241,1,0,0,{'RT': ['1'], 'RW': [], 'LB': [], 'D': [], 'SP': [], 'M': [], 'CF': [], 'P': [], 'R': []},4,0,0,{'RT': ['1'], 'RW': [], 'LB': [], 'D': [], 'SP': ['1'], 'M': ['1'], 'CF': [], 'P': ['1', '2'], 'R': []},1,0,0,0
9,3,2056,0,0,0,{'RT': [], 'RW': [], 'LB': [], 'D': [], 'SP': [], 'M': [], 'CF': ['1'], 'P': [], 'R': []},7,0,0,{'RT': ['1'], 'RW': [], 'LB': [], 'D': [], 'SP': [], 'M': [], 'CF': ['1'], 'P': [], 'R': ['1']},1,0,0,0
9,5,5631,0,0,0,{'RT': [], 'RW': [], 'LB': ['1'], 'D': [], 'SP': [], 'M': [], 'CF': [], 'P': [], 'R': []},0,3,0,{'RT': [], 'RW': [], 'LB': ['1'], 'D': [], 'SP': [], 'M': [], 'CF': [], 'P': [], 'R': []},1,0,0,0
7,3,4525,0,0,0,{'RT': [], 'RW': [], 'LB': ['1'], 'D': [], 'SP': [], 'M': [], 'CF': [], 'P': [], 'R': []},0,3,0,{'RT': [], 'RW': [], 'LB': ['1'], 'D': [], 'SP': ['1'], 'M': [], 'CF': [], 'P': [], 'R': []},1,0,0,0
10,2,3683,0,1,0,{'RT': [], 'RW': [], 'LB': ['1'], 'D': [], 'SP': [], 'M': [], 'CF': [], 'P': [], 'R': []},0,2,1,{'RT': [], 'RW': [], 'LB': [], 'D': [], 'SP': [], 'M': [], 'CF': ['2'], 'P': [], 'R': ['1']},0,0,0,0
10,5,3739,0,0,0,{'RT': [], 'RW': [], 'LB': [], 'D': [], 'SP': [], 'M': [], 'CF': [], 'P': [], 'R': []},0,4,0,{'RT': ['2'], 'RW': [], 'LB': [], 'D': [], 'SP': [], 'M': [], 'CF': ['2'], 'P': [], 'R': []},0,0,0,0
10,4,3560,0,0,0,{'RT': [], 'RW': [], 'LB': ['1'], 'D': [], 'SP': [], 'M': [], 'CF': [], 'P': [], 'R': []},0,0,0,{'RT': [], 'RW': [], 'LB': ['1'], 'D': [], 'SP': ['1'], 'M': [], 'CF': [], 'P': [], 'R': []},0,0,0,0
10,3,5519,0,0,0,{'RT': [], 'RW': [], 'LB': [], 'D': [], 'SP': [], 'M': [], 'CF': [], 'P': [], 'R': []},0,1,0,{'RT': [], 'RW': [], 'LB': [], 'D': [], 'SP': [], 'M': [], 'CF': [], 'P': [], 'R': ['1']},0,0,0,0
10,1,4940,0,0,0,{'RT': ['1'], 'RW': [], 'LB': [], 'D': [], 'SP': [], 'M': [], 'CF': [], 'P': [], 'R': []},0,0,0,{'RT': ['1'], 'RW': [], 'LB': [], 'D': [], 'SP': ['2'], 'M': [], 'CF': [], 'P': [], 'R': []},0,1,0,0
10,0,610,0,0,1,{'RT': [], 'RW': [], 'LB': [], 'D': [], 'SP': [], 'M': [], 'CF': [], 'P': [], 'R': ['F']},5,0,3,{'RT': ['1'], 'RW': [], 'LB': ["1","2"], 'D': [], 'SP': [], 'M': [], 'CF': [], 'P': [], 'R': []},0,1,0,0
11,5,865,0,0,0,{'RT': [], 'RW': [], 'LB': [], 'D': [], 'SP': [], 'M': ['1'], 'CF': [], 'P': [], 'R': []},0,4,0,{'RT': [], 'RW': [], 'LB': ['1'], 'D': [], 'SP': [], 'M': ['1'], 'CF': ['1'], 'P': [], 'R': []},1,0,0,0
11,3,1285,0,0,0,{'RT': [], 'RW': [], 'LB': ['1'], 'D': [], 'SP': [], 'M': [], 'CF': [], 'P': [], 'R': []},0,0,0,{'RT': [], 'RW': [], 'LB': [], 'D': [], 'SP': [], 'M': [], 'CF': [], 'P': [], 'R': []},0,0,0,0
11,2,5912,0,0,0,{'RT': [], 'RW': [], 'LB': ['1'], 'D': [], 'SP': [], 'M': [], 'CF': [], 'P': [], 'R': []},0,3,1,{'RT': [], 'RW': [], 'LB': ['1'], 'D': [], 'SP': [], 'M': [], 'CF': [], 'P': [], 'R': []},1,0,0,0
11,1,5033,0,0,0,{'RT': [], 'RW': ['1'], 'LB': [], 'D': [], 'SP': [], 'M': [], 'CF': [], 'P': [], 'R': []},0,0,1,{'RT': [], 'RW': [], 'LB': [], 'D': [], 'SP': [], 'M': [], 'CF': [], 'P': [], 'R': []},1,0,0,0
11,0,2056,0,0,0,{'RT': [], 'RW': [], 'LB': [], 'D': [], 'SP': [], 'M': [], 'CF': ['1'], 'P': [], 'R': []},4,0,0,{'RT': [], 'RW': ['1'], 'LB': [], 'D': [], 'SP': [], 'M': [], 'CF': ['1'], 'P': [], 'R': ['1', '2']},0,0,0,0
12,1,5406,0,0,0,{'RT': [], 'RW': ['F'], 'LB': [], 'D': [], 'SP': [], 'M': [], 'CF': [], 'P': [], 'R': []},0,4,0,{'RT': [], 'RW': ['1', '2'], 'LB': ['1'], 'D': [], 'SP': [], 'M': ['1'], 'CF': [], 'P': [], 'R': []},0,1,0,0
12,5,1360,0,0,1,{'RT': [], 'RW': [], 'LB': [], 'D': [], 'SP': [], 'M': [], 'CF': [], 'P': [], 'R': []},0,0,0,{'RT': [], 'RW': ['2'], 'LB': [], 'D': [], 'SP': ['2'], 'M': [], 'CF': ['F'], 'P': [], 'R': []},1,0,0,0
12,4,4943,0,0,0,{'RT': [], 'RW': [], 'LB': ['1'], 'D': [], 'SP': [], 'M': [], 'CF': [], 'P': [], 'R': []},0,1,0,{'RT': [], 'RW': [], 'LB': ['1'], 'D': [], 'SP': [], 'M': [], 'CF': [], 'P': [], 'R': []},1,0,1,0
12,3,3161,0,0,0,{'RT': [], 'RW': [], 'LB': [], 'D': [], 'SP': [], 'M': [], 'CF': [], 'P': [], 'R': []},0,1,0,{'RT': [], 'RW': [], 'LB': ['1'], 'D': [], 'SP': [], 'M': [], 'CF': [], 'P': [], 'R': ['1', '2']},1,0,0,0
12,0,3560,0,0,1,{'RT': [], 'RW': [], 'LB': [], 'D': [], 'SP': [], 'M': [], 'CF': [], 'P': [], 'R': []},0,0,0,{'RT': [], 'RW': [], 'LB': ['1'], 'D': [], 'SP': [], 'M': [], 'CF': [], 'P': [], 'R': []},0,0,0,0
12,2,3683,0,0,0,{'RT': [], 'RW': [], 'LB': ['1'], 'D': [], 'SP': [], 'M': [], 'CF': [], 'P': [], 'R': []},0,3,0,{'RT': [], 'RW': [], 'LB': [], 'D': ['1'], 'SP': [], 'M': ['1'], 'CF': [], 'P': [], 'R': []},0,1,0,0
11,4,4917,1,0,0,{'RT': [], 'RW': [], 'LB': ['1'], 'D': [], 'SP': [], 'M': [], 'CF': [], 'P': [], 'R': []},0,2,1,{'RT': [], 'RW': ['1'], 'LB': [], 'D': [], 'SP': ['1'], 'M': [], 'CF': ['1'], 'P': [], 'R': []},1,0,0,0
13,5,5619,0,0,0,{'RT': [], 'RW': [], 'LB': [], 'D': [], 'SP': [], 'M': [], 'CF': [], 'P': [], 'R': []},0,0,1,{'RT': [], 'RW': [], 'LB': [], 'D': [], 'SP': [], 'M': [], 'CF': [], 'P': [], 'R': ['1']},1,0,0,0
13,4,5158,0,0,0,{'RT': [], 'RW': [], 'LB': [], 'D': [], 'SP': [], 'M': [], 'CF': [], 'P': [], 'R': []},0,0,1,{'RT': ['1', '2'], 'RW': [], 'LB': [], 'D': [], 'SP': [], 'M': [], 'CF': [], 'P': [], 'R': []},1,0,0,0
13,3,4618,0,0,0,{'RT': [], 'RW': [], 'LB': ['1'], 'D': [], 'SP': [], 'M': [], 'CF': [], 'P': [], 'R': []},0,2,2,{'RT': [], 'RW': [], 'LB': ['1'], 'D': [], 'SP': [], 'M': [], 'CF': [], 'P': [], 'R': []},1,0,0,0
13,5,3949,0,0,1,{'RT': [], 'RW': [], 'LB': [], 'D': [], 'SP': [], 'M': [], 'CF': [], 'P': [], 'R': []},0,0,0,{'RT': [], 'RW': ['2'], 'LB': [], 'D': [], 'SP': ["2"], 'M': [], 'CF': ["F"], 'P': [], 'R': ['1']},1,0,0,0
13,1,610,0,1,0,{'RT': [], 'RW': [], 'LB': ['1'], 'D': [], 'SP': [], 'M': [], 'CF': [], 'P': [], 'R': []},0,6,0,{'RT': [], 'RW': [], 'LB': ['1'], 'D': [], 'SP': [], 'M': [], 'CF': ['1'], 'P': [], 'R': []},0,0,1,0
14,5,4940,0,0,0,{'RT': [], 'RW': [], 'LB': [], 'D': [], 'SP': [], 'M': [], 'CF': [], 'P': [], 'R': ['1']},0,0,0,{'RT': [], 'RW': [], 'LB': [], 'D': [], 'SP': [], 'M': [], 'CF': ['1', '2'], 'P': [], 'R': ['1', '2']},1,0,0,0
14,4,5631,1,0,0,{'RT': [], 'RW': [], 'LB': ['1'], 'D': [], 'SP': [], 'M': [], 'CF': [], 'P': [], 'R': []},1,0,2,{'RT': [], 'RW': [], 'LB': ['1', '2'], 'D': [], 'SP': [], 'M': [], 'CF': [], 'P': [], 'R': []},1,0,0,0
14,3,4678,1,0,0,{'RT': [], 'RW': [], 'LB': [], 'D': [], 'SP': ['1'], 'M': [], 'CF': [], 'P': [], 'R': []},4,0,1,{'RT': [], 'RW': ['1', '2'], 'LB': [], 'D': [], 'SP': ['1'], 'M': [], 'CF': [], 'P': [], 'R': ['1', '2']},1,1,0,0
14,2,4939,0,0,1,{'RT': [], 'RW': [], 'LB': [], 'D': [], 'SP': [], 'M': [], 'CF': [], 'P': [], 'R': []},1,2,1,{'RT': [], 'RW': ['1'], 'LB': [], 'D': [], 'SP': [], 'M': [], 'CF': ['1'], 'P': [], 'R': []},1,0,0,0
14,0,2702,0,0,0,{'RT': [], 'RW': ['1'], 'LB': [], 'D': [], 'SP': [], 'M': [], 'CF': [], 'P': [], 'R': []},0,0,4,{'RT': [], 'RW': [], 'LB': [], 'D': [], 'SP': [], 'M': [], 'CF': [], 'P': [], 'R': ['1']},1,0,0,0
14,1,5483,0,0,0,{'RT': [], 'RW': [], 'LB': [], 'D': [], 'SP': [], 'M': [], 'CF': [], 'P': [], 'R': ['1']},0,0,0,{'RT': [], 'RW': [], 'LB': [], 'D': [], 'SP': [], 'M': [], 'CF': [], 'P': [], 'R': []},0,0,0,0
13,0,5032,0,0,0,{'RT': [], 'RW': [], 'LB': [], 'D': [], 'SP': [], 'M': [], 'CF': [], 'P': [], 'R': []},0,0,0,{'RT': [], 'RW': ['1'], 'LB': [], 'D': [], 'SP': [], 'M': [], 'CF': [], 'P': [], 'R': []},1,0,0,0
15,5,1241,1,0,0,{'RT': [], 'RW': ['1'], 'LB': [], 'D': [], 'SP': [], 'M': [], 'CF': [], 'P': [], 'R': []},7,0,0,{'RT': [], 'RW': ['1', '2'], 'LB': [], 'D': [], 'SP': ['1'], 'M': [], 'CF': ['1'], 'P': [], 'R': ['1', '2']},1,0,0,0
15,4,148,1,0,0,{'RT': [], 'RW': [], 'LB': [], 'D': [], 'SP': [], 'M': [], 'CF': ['1'], 'P': [], 'R': []},5,0,0,{'RT': [], 'RW': [], 'LB': ['1', '2'], 'D': [], 'SP': [], 'M': [], 'CF': [], 'P': [], 'R': ['1']},0,1,0,0
15,3,3739,0,0,0,{'RT': [], 'RW': [], 'LB': [], 'D': [], 'SP': [], 'M': [], 'CF': [], 'P': [], 'R': []},0,0,0,{'RT': [], 'RW': [], 'LB': [], 'D': [], 'SP': [], 'M': [], 'CF': [], 'P': [], 'R': []},0,0,1,0
15,2,4525,0,0,0,{'RT': [], 'RW': [], 'LB': ['1'], 'D': [], 'SP': [], 'M': [], 'CF': [], 'P': [], 'R': []},0,1,0,{'RT': [], 'RW': [], 'LB': ['1'], 'D': [], 'SP': ['1'], 'M': [], 'CF': [], 'P': [], 'R': ['1']},0,0,0,0
5,5,5158,0,0,0,{'RT': [], 'RW': [], 'LB': [], 'D': [], 'SP': [], 'M': [], 'CF': [], 'P': [], 'R': []},0,0,0,{'RT': [], 'RW': ['1'], 'LB': [], 'D': [], 'SP': [], 'M': [], 'CF': [], 'P': [], 'R': ['1', '2']},0,0,0,0
16,4,5912,0,0,0,{'RT': [], 'RW': [], 'LB': ['1'], 'D': [], 'SP': [], 'M': [], 'CF': [], 'P': [], 'R': []},0,1,3,{'RT': [], 'RW': [], 'LB': ['1'], 'D': [], 'SP': [], 'M': [], 'CF': [], 'P': [], 'R': []},1,0,0,0
16,3,3560,0,0,0,{'RT': [], 'RW': [], 'LB': [], 'D': [], 'SP': [], 'M': [], 'CF': [], 'P': [], 'R': []},0,0,0,{'RT': [], 'RW': [], 'LB': ['1'], 'D': [], 'SP': [], 'M': [], 'CF': [], 'P': [], 'R': []},0,0,0,0
16,2,1360,0,0,0,{'RT': [], 'RW': ['1'], 'LB': [], 'D': [], 'SP': [], 'M': [], 'CF': [], 'P': [], 'R': []},0,0,0,{'RT': [], 'RW': ['1'], 'LB': ['1'], 'D': [], 'SP': [], 'M': [], 'CF': [], 'P': [], 'R': []},0,0,0,0
16,0,2056,0,0,0,{'RT': [], 'RW': [], 'LB': [], 'D': [], 'SP': [], 'M': [], 'CF': [], 'P': [], 'R': []},4,0,0,{'RT': [], 'RW': [], 'LB': [], 'D': [], 'SP': [], 'M': [], 'CF': [], 'P': ['1'], 'R': ['1', '2']},1,0,0,0
16,1,4618,0,0,0,{'RT': [], 'RW': [], 'LB': ['1'], 'D': [], 'SP': [], 'M': [], 'CF': [], 'P': [], 'R': []},0,4,0,{'RT': [], 'RW': [], 'LB': ['1'], 'D': [], 'SP': [], 'M': [], 'CF': [], 'P': [], 'R': []},1,0,0,0
15,1,1114,1,0,0,{'RT': [], 'RW': [], 'LB': [], 'D': [], 'SP': [], 'M': [], 'CF': ['1'], 'P': [], 'R': []},6,0,0,{'RT': [], 'RW': [], 'LB': [], 'D': [], 'SP': ['1'], 'M': [], 'CF': ['1'], 'P': [], 'R': []},1,0,0,0
15,0,4039,0,0,0,{'RT': [], 'RW': [], 'LB': [], 'D': [], 'SP': [], 'M': [], 'CF': [], 'P': [], 'R': []},2,1,3,{'RT': [], 'RW': ['1', '2'], 'LB': [], 'D': [], 'SP': [], 'M': [], 'CF': [], 'P': [], 'R': ['1']},1,0,0,0
17,2,5406,0,0,0,{'RT': [], 'RW': ['1'], 'LB': [], 'D': [], 'SP': [], 'M': [], 'CF': [], 'P': [], 'R': []},0,1,0,{'RT': [], 'RW': ['1'], 'LB': [], 'D': [], 'SP': ['1', '2'], 'M': [], 'CF': ['1', '2'], 'P': [], 'R': []},1,0,0,0
17,1,4943,0,0,0,{'RT': [], 'RW': [], 'LB': ['1'], 'D': [], 'SP': [], 'M': [], 'CF': [], 'P': [], 'R': []},0,2,0,{'RT': [], 'RW': [], 'LB': ['1'], 'D': [], 'SP': [], 'M': [], 'CF': [], 'P': [], 'R': []},1,0,0,0
17,5,3949,0,0,0,{'RT': [], 'RW': [], 'LB': [], 'D': [], 'SP': [], 'M': [], 'CF': [], 'P': [], 'R': []},0,0,0,{'RT': [], 'RW': [], 'LB': ['1', '2'], 'D': [], 'SP': [], 'M': [], 'CF': [], 'P': [], 'R': []},0,0,0,0
17,4,4940,0,0,0,{'RT': [], 'RW': [], 'LB': [], 'D': [], 'SP': [], 'M': [], 'CF': [], 'P': [], 'R': ["1"]},0,0,0,{'RT': [], 'RW': [], 'LB': [], 'D': [], 'SP': ["1"], 'M': [], 'CF': ["1"], 'P': [], 'R': ["1"]},0,0,1,0
17,0,3739,0,0,1,{'RT': [], 'RW': [], 'LB': [], 'D': [], 'SP': [], 'M': [], 'CF': [], 'P': [], 'R': []},0,2,0,{'RT': [], 'RW': [], 'LB': [], 'D': [], 'SP': [], 'M': [], 'CF': [], 'P': [], 'R': ['1', '2']},1,0,0,0
17,3,4917,1,0,0,{'RT': [], 'RW': [], 'LB': ['1'], 'D': [], 'SP': [], 'M': [], 'CF': [], 'P': [], 'R': []},5,0,0,{'RT': [], 'RW': ['1', '2'], 'LB': ['1'], 'D': [], 'SP': [], 'M': [], 'CF': [], 'P': [], 'R': []},1,0,0,0
18,5,5483,0,0,0,{'RT': [], 'RW': [], 'LB': [], 'D': [], 'SP': [], 'M': [], 'CF': [], 'P': [], 'R': []},0,0,0,{'RT': [], 'RW': [], 'LB': [], 'D': [], 'SP': [], 'M': [], 'CF': [], 'P': [], 'R': []},1,0,1,0
18,4,1241,1,0,0,{'RT': [], 'RW': ['1'], 'LB': [], 'D': [], 'SP': [], 'M': [], 'CF': [], 'P': [], 'R': []},5,0,0,{'RT': [], 'RW': ['1'], 'LB': [], 'D': [], 'SP': [], 'M': [], 'CF': [], 'P': [], 'R': []},0,0,0,0
18,3,1114,1,0,0,{'RT': [], 'RW': [], 'LB': ['1'], 'D': [], 'SP': [], 'M': [], 'CF': [], 'P': [], 'R': []},4,0,1,{'RT': [], 'RW': [], 'LB': ['1'], 'D': [], 'SP': [], 'M': [], 'CF': ['1', '2'], 'P': [], 'R': ['1']},0,1,0,0
16,1,4525,0,0,0,{'RT': [], 'RW': ["1"], 'LB': [], 'D': [], 'SP': [], 'M': [], 'CF': [], 'P': [], 'R': []},0,3,0,{'RT': [], 'RW': [], 'LB': [], 'D': [], 'SP': ["1"], 'M': [], 'CF': [], 'P': [], 'R': ["1"]},1,0,0,0
18,2,610,0,1,0,{'RT': [], 'RW': [], 'LB': ['1'], 'D': [], 'SP': [], 'M': [], 'CF': [], 'P': [], 'R': []},2,3,0,{'RT': [], 'RW': ['1'], 'LB': ['1'], 'D': [], 'SP': [], 'M': [], 'CF': ['1', '2'], 'P': [], 'R': []},0,0,0,0
18,0,5519,0,0,0,{'RT': [], 'RW': [], 'LB': [], 'D': [], 'SP': [], 'M': [], 'CF': [], 'P': [], 'R': []},0,1,0,{'RT': [], 'RW': [], 'LB': [], 'D': [], 'SP': [], 'M': [], 'CF': [], 'P': [], 'R': ['1', '2']},0,0,0,0
19,5,3683,0,0,0,{'RT': [], 'RW': [], 'LB': ['1'], 'D': [], 'SP': [], 'M': [], 'CF': [], 'P': [], 'R': []},0,8,0,{'RT': [], 'RW': [], 'LB': ['1'], 'D': [], 'SP': [], 'M': [], 'CF': ['1', '2'], 'P': [], 'R': ['1', '2']},1,1,0,0
19,4,5032,0,0,0,{'RT': [], 'RW': [], 'LB': [], 'D': [], 'SP': [], 'M': [], 'CF': [], 'P': [], 'R': []},0,0,0,{'RT': [], 'RW': [], 'LB': [], 'D': [], 'SP': [], 'M': [], 'CF': [], 'P': [], 'R': []},1,0,0,0
19,3,5033,0,0,0,{'RT': [], 'RW': ['1'], 'LB': [], 'D': [], 'SP': [], 'M': [], 'CF': [], 'P': [], 'R': []},0,0,0,{'RT': [], 'RW': ['1'], 'LB': [], 'D': [], 'SP': ['1', '2'], 'M': [], 'CF': [], 'P': [], 'R': []},1,0,0,0
19,2,148,1,0,0,{'RT': [], 'RW': ['1'], 'LB': [], 'D': [], 'SP': [], 'M': [], 'CF': [], 'P': [], 'R': []},8,0,0,{'RT': [], 'RW': ['1'], 'LB': ['1'], 'D': [], 'SP': [], 'M': [], 'CF': [], 'P': ['1', '2'], 'R': []},0,1,0,0
19,1,1285,0,0,0,{'RT': [], 'RW': [], 'LB': [], 'D': [], 'SP': [], 'M': [], 'CF': [], 'P': [], 'R': ['1']},0,0,0,{'RT': [], 'RW': [], 'LB': ['1', '2'], 'D': [], 'SP': [], 'M': [], 'CF': [], 'P': [], 'R': []},0,1,0,0
19,0,4678,0,0,1,{'RT': [], 'RW': [], 'LB': [], 'D': [], 'SP': ['F'], 'M': [], 'CF': [], 'P': [], 'R': []},4,0,0,{'RT': [], 'RW': [], 'LB': ['1'], 'D': [], 'SP': [], 'M': [], 'CF': [], 'P': [], 'R': []},0,0,0,0
20,4,5631,0,0,0,{'RT': [], 'RW': [], 'LB': ['1'], 'D': [], 'SP': [], 'M': [], 'CF': [], 'P': [], 'R': []},0,1,1,{'RT': [], 'RW': [], 'LB': ['1'], 'D': [], 'SP': [], 'M': [], 'CF': [], 'P': [], 'R': []},1,0,0,0
20,5,2702,1,0,0,{'RT': [], 'RW': [], 'LB': [], 'D': [], 'SP': [], 'M': [], 'CF': [], 'P': [], 'R': ['1']},1,0,5,{'RT': [], 'RW': ['1', '2'], 'LB': [], 'D': [], 'SP': [], 'M': [], 'CF': [], 'P': [], 'R': ['1', '2']},1,0,0,0
20,3,865,0,0,0,{'RT': [], 'RW': ['1'], 'LB': [], 'D': [], 'SP': [], 'M': [], 'CF': [], 'P': [], 'R': []},0,1,1,{'RT': [], 'RW': [], 'LB': [], 'D': [], 'SP': [], 'M': [], 'CF': ['1'], 'P': [], 'R': []},0,0,0,0
20,1,4939,0,0,1,{'RT': [], 'RW': [], 'LB': [], 'D': [], 'SP': [], 'M': [], 'CF': [], 'P': [], 'R': []},0,3,1,{'RT': [], 'RW': ['1', '2'], 'LB': [], 'D': [], 'SP': [], 'M': [], 'CF': [], 'P': [], 'R': []},1,0,0,0
20,0,3161,0,0,0,{'RT': [], 'RW': [], 'LB': [], 'D': [], 'SP': [], 'M': [], 'CF': [], 'P': [], 'R': []},0,2,0,{'RT': [], 'RW': [], 'LB': ['1', '2'], 'D': [], 'SP': [], 'M': [], 'CF': [], 'P': [], 'R': []},1,0,0,0
21,5,4678,1,0,0,{'RT': [], 'RW': [], 'LB': [], 'D': [], 'SP': ['1'], 'M': [], 'CF': [], 'P': [], 'R': []},4,0,1,{'RT': [], 'RW': [], 'LB': [], 'D': [], 'SP': ['2'], 'M': [], 'CF': [], 'P': [], 'R': ['1']},1,0,0,0
21,4,1114,1,0,0,{'RT': [], 'RW': [], 'LB': [], 'D': [], 'SP': [], 'M': [], 'CF': ['1'], 'P': [], 'R': []},4,0,0,{'RT': [], 'RW': [], 'LB': [], 'D': [], 'SP': [], 'M': [], 'CF': ['1'], 'P': [], 'R': []},1,0,0,0
22,5,2702,0,0,1,{'RT': [], 'RW': ['F'], 'LB': [], 'D': [], 'SP': [], 'M': [], 'CF': [], 'P': [], 'R': []},4,0,2,{'RT': [], 'RW': ['1'], 'LB': [], 'D': [], 'SP': [], 'M': [], 'CF': [], 'P': [], 'R': ['1']},1,0,0,0
20,2,4039,0,0,0,{'RT': [], 'RW': [], 'LB': [], 'D': [], 'SP': [], 'M': ["1"], 'CF': [], 'P': [], 'R': []},2,1,1,{'RT': [], 'RW': [], 'LB': [], 'D': [], 'SP': [], 'M': [], 'CF': ["2"], 'P': [], 'R': ["1"]},1,0,0,0
23,5,5033,0,0,0,{'RT': [], 'RW': [], 'LB': ['1'], 'D': [], 'SP': [], 'M': [], 'CF': [], 'P': [], 'R': []},0,0,1,{'RT': [], 'RW': ['2'], 'LB': ['1'], 'D': [], 'SP': ['2'], 'M': [], 'CF': [], 'P': [], 'R': []},0,0,0,0
23,4,3560,0,0,1,{'RT': [], 'RW': [], 'LB': [], 'D': [], 'SP': [], 'M': [], 'CF': [], 'P': [], 'R': []},0,0,0,{'RT': [], 'RW': [], 'LB': [], 'D': [], 'SP': [], 'M': [], 'CF': [], 'P': [], 'R': []},0,0,0,0
23,3,3161,0,0,0,{'RT': [], 'RW': [], 'LB': [], 'D': [], 'SP': [], 'M': [], 'CF': [], 'P': [], 'R': []},0,0,0,{'RT': [], 'RW': [], 'LB': [], 'D': [], 'SP': [], 'M': [], 'CF': [], 'P': [], 'R': ['1']},0,0,1,0
23,2,3949,0,0,0,{'RT': [], 'RW': [], 'LB': [], 'D': [], 'SP': [], 'M': [], 'CF': [], 'P': [], 'R': []},0,0,0,{'RT': [], 'RW': ['1', '2'], 'LB': [], 'D': [], 'SP': [], 'M': ['1', '2'], 'CF': [], 'P': [], 'R': []},0,0,1,0
23,1,148,0,0,0,{'RT': [], 'RW': [], 'LB': [], 'D': [], 'SP': [], 'M': [], 'CF': [], 'P': ['1'], 'R': []},8,0,0,{'RT': [], 'RW': ['1', '2'], 'LB': [], 'D': [], 'SP': [], 'M': ['1', '2'], 'CF': [], 'P': ['1'], 'R': []},1,0,0,0
24,5,4939,0,0,1,{'RT': [], 'RW': [], 'LB': [], 'D': [], 'SP': [], 'M': [], 'CF': [], 'P': [], 'R': []},0,4,0,{'RT': [], 'RW': ['2'], 'LB': [], 'D': [], 'SP': [], 'M': [], 'CF': [], 'P': [], 'R': []},1,0,0,0
24,4,1285,0,0,0,{'RT': [], 'RW': ['1'], 'LB': [], 'D': [], 'SP': [], 'M': [], 'CF': [], 'P': [], 'R': []},0,4,0,{'RT': [], 'RW': [], 'LB': ['1', '2'], 'D': [], 'SP': [], 'M': ['1'], 'CF': ['1', 'F'], 'P': [], 'R': []},0,0,0,0
24,2,2056,1,0,0,{'RT': [], 'RW': [], 'LB': [], 'D': [], 'SP': [], 'M': ['1'], 'CF': [], 'P': [], 'R': []},4,0,2,{'RT': [], 'RW': ['1'], 'LB': [], 'D': [], 'SP': [], 'M': ['1', '2'], 'CF': ['1', '2'], 'P': [], 'R': []},1,0,0,0
24,1,5032,0,0,0,{'RT': [], 'RW': [], 'LB': [], 'D': [], 'SP': [], 'M': [], 'CF': [], 'P': [], 'R': []},0,0,0,{'RT': [], 'RW': ['1'], 'LB': [], 'D': [], 'SP': [], 'M': ['1'], 'CF': [], 'P': [], 'R': []},0,0,0,0
24,3,4940,0,0,1,{'RT': [], 'RW': [], 'LB': [], 'D': [], 'SP': [], 'M': [], 'CF': [], 'P': [], 'R': []},0,0,0,{'RT': [], 'RW': ['1'], 'LB': [], 'D': [], 'SP': [], 'M': [], 'CF': [], 'P': [], 'R': []},1,0,0,0
25,0,3683,0,0,0,{'RT': [], 'RW': [], 'LB': ["1"], 'D': [], 'SP': [], 'M': [], 'CF': [], 'P': [], 'R': []},0,5,0,{'RT': [], 'RW': ['1'], 'LB': ['1'], 'D': [], 'SP': [], 'M': [], 'CF': ['1', '2'], 'P': [], 'R': []},1,0,0,0
25,4,4039,0,0,0,{'RT': [], 'RW': ['1'], 'LB': [], 'D': [], 'SP': [], 'M': [], 'CF': [], 'P': [], 'R': []},3,1,1,{'RT': [], 'RW': ['1'], 'LB': [], 'D': [], 'SP': [], 'M': [], 'CF': ['1', '2'], 'P': [], 'R': []},1,0,0,0
25,3,5631,1,0,0,{'RT': [], 'RW': [], 'LB': ['1'], 'D': [], 'SP': [], 'M': [], 'CF': [], 'P': [], 'R': []},0,2,0,{'RT': [], 'RW': [], 'LB': ['1'], 'D': [], 'SP': [], 'M': [], 'CF': [], 'P': [], 'R': []},1,0,0,0
25,2,1360,0,0,0,{'RT': [], 'RW': ['1'], 'LB': [], 'D': [], 'SP': [], 'M': [], 'CF': [], 'P': [], 'R': []},0,0,0,{'RT': [], 'RW': ['1', '2'], 'LB': [], 'D': [], 'SP': [], 'M': [], 'CF': [], 'P': [], 'R': []},1,0,0,0
25,5,5158,0,0,0,{'RT': [], 'RW': [], 'LB': [], 'D': [], 'SP': [], 'M': [], 'CF': [], 'P': [], 'R': []},0,0,0,{'RT': [], 'RW': [], 'LB': [], 'D': [], 'SP': [], 'M': ['1'], 'CF': [], 'P': [], 'R': []},0,0,0,0
25,1,4525,0,0,0,{'RT': [], 'RW': [], 'LB': [], 'D': [], 'SP': [], 'M': [], 'CF': [], 'P': [], 'R': ['F']},0,1,0,{'RT': [], 'RW': [], 'LB': ['1'], 'D': [], 'SP': [], 'M': [], 'CF': [], 'P': [], 'R': ['1', '2']},0,0,0,0
23,0,865,0,0,0,{'RT': [], 'RW': [], 'LB': [], 'D': [], 'SP': [], 'M': [], 'CF': [], 'P': [], 'R': []},0,4,0,{'RT': [], 'RW': [], 'LB': ['1', '2'], 'D': [], 'SP': [], 'M': [], 'CF': [], 'P': [], 'R': []},0,0,0,0
24,0,5483,0,0,0,{'RT': [], 'RW': [], 'LB': ['F'], 'D': [], 'SP': [], 'M': [], 'CF': [], 'P': [], 'R': []},0,0,0,{'RT': [], 'RW': [], 'LB': ['1', '2'], 'D': [], 'SP': [], 'M': [], 'CF': [], 'P': [], 'R': []},1,0,0,0
22,4,4618,0,0,0,{'RT': [], 'RW': [], 'LB': [], 'D': [], 'SP': [], 'M': [], 'CF': [], 'P': [], 'R': []},0,4,0,{'RT': [], 'RW': [], 'LB': ['1'], 'D': [], 'SP': [], 'M': [], 'CF': ['1'], 'P': [], 'R': []},0,0,0,0
26,5,4943,0,0,0,{'RT': [], 'RW': [], 'LB': [], 'D': [], 'SP': [], 'M': [], 'CF': [], 'P': [], 'R': []},0,0,0,{'RT': [], 'RW': [], 'LB': [], 'D': [], 'SP': [], 'M': [], 'CF': [], 'P': [], 'R': []},0,0,1,0
26,4,2056,0,0,0,{'RT': [], 'RW': [], 'LB': [], 'D': [], 'SP': [], 'M': ['1'], 'CF': [], 'P': [], 'R': []},5,0,1,{'RT': ['1', '2'], 'RW': [], 'LB': [], 'D': [], 'SP': [], 'M': ['1'], 'CF': ['1', '2'], 'P': [], 'R': []},1,0,0,0
26,2,4618,0,0,0,{'RT': [], 'RW': [], 'LB': ['1'], 'D': [], 'SP': [], 'M': [], 'CF': [], 'P': [], 'R': []},1,3,1,{'RT': [], 'RW': [], 'LB': ['1', '2'], 'D': [], 'SP': [], 'M': ['1'], 'CF': [], 'P': [], 'R': []},1,0,0,0
26,1,5406,0,0,1,{'RT': [], 'RW': [], 'LB': [], 'D': [], 'SP': [], 'M': [], 'CF': [], 'P': ['F'], 'R': []},0,5,0,{'RT': ['1'], 'RW': [], 'LB': [], 'D': [], 'SP': ['1', '2'], 'M': ['1'], 'CF': [], 'P': ['1', '2'], 'R': []},0,1,0,0
26,0,5033,0,0,0,{'RT': ['1'], 'RW': [], 'LB': [], 'D': [], 'SP': [], 'M': [], 'CF': [], 'P': [], 'R': []},0,0,0,{'RT': ["1"], 'RW': [], 'LB': [], 'D': [], 'SP': [], 'M': [], 'CF': [], 'P': [], 'R': []},1,0,0,0
26,3,610,0,0,0,{'RT': [], 'RW': [], 'LB': ['1'], 'D': [], 'SP': [], 'M': [], 'CF': [], 'P': [], 'R': []},4,4,0,{'RT': [], 'RW': [], 'LB': ['1', '2'], 'D': [], 'SP': [], 'M': [], 'CF': [], 'P': [], 'R': []},0,1,0,0
22,3,610,0,0,0,{'RT': [], 'RW': [], 'LB': ['1'], 'D': [], 'SP': [], 'M': [], 'CF': [], 'P': [], 'R': []},2,4,2,{'RT': [], 'RW': [], 'LB': ['1', '2'], 'D': [], 'SP': [], 'M': [], 'CF': [], 'P': [], 'R': []},0,1,0,0
22,1,5912,0,0,0,{'RT': [], 'RW': [], 'LB': ['1'], 'D': [], 'SP': [], 'M': [], 'CF': [], 'P': [], 'R': []},1,2,0,{'RT': [], 'RW': [], 'LB': ['1', '2'], 'D': [], 'SP': [], 'M': [], 'CF': [], 'P': [], 'R': []},0,0,0,0
22,0,4917,1,0,0,{'RT': [], 'RW': [], 'LB': [], 'D': [], 'SP': [], 'M': [], 'CF': [], 'P': [], 'R': ['1']},0,1,0,{'RT': [], 'RW': [], 'LB': [], 'D': [], 'SP': [], 'M': [], 'CF': [], 'P': [], 'R': ['1']},0,0,0,0
22,2,3739,0,0,0,{'RT': ['1'], 'RW': [], 'LB': [], 'D': [], 'SP': [], 'M': [], 'CF': [], 'P': [], 'R': []},0,2,1,{'RT': ['1'], 'RW': [], 'LB': [], 'D': [], 'SP': [], 'M': [], 'CF': ['1'], 'P': [], 'R': []},1,0,0,0
21,3,5406,0,0,0,{'RT': [], 'RW': [], 'LB': ['1'], 'D': [], 'SP': [], 'M': [], 'CF': [], 'P': [], 'R': []},0,3,0,{'RT': [], 'RW': ['1', '2'], 'LB': ['1', '2'], 'D': [], 'SP': [], 'M': [], 'CF': [], 'P': [], 'R': ['1']},0,1,0,0
21,1,1241,1,0,0,{'RT': [], 'RW': ['1'], 'LB': [], 'D': [], 'SP': [], 'M': [], 'CF': [], 'P': [], 'R': []},6,0,0,{'RT': [], 'RW': [], 'LB': [], 'D': [], 'SP': [], 'M': ['1', '2'], 'CF': ['1', '2'], 'P': [], 'R': []},1,0,0,0
21,0,5519,0,0,0,{'RT': [], 'RW': [], 'LB': [], 'D': [], 'SP': [], 'M': [], 'CF': [], 'P': [], 'R': []},0,0,0,{'RT': [], 'RW': [], 'LB': [], 'D': [], 'SP': [], 'M': [], 'CF': [], 'P': [], 'R': []},1,0,0,0
21,2,4943,0,0,0,{'RT': [], 'RW': [], 'LB': ['1'], 'D': [], 'SP': [], 'M': [], 'CF': [], 'P': [], 'R': []},0,2,0,{'RT': [], 'RW': ['F'], 'LB': ['1', '2'], 'D': [], 'SP': [], 'M': [], 'CF': [], 'P': [], 'R': []},1,0,0,0
27,5,3560,0,0,0,{'RT': [], 'RW': [], 'LB': ['1'], 'D': [], 'SP': [], 'M': [], 'CF': [], 'P': [], 'R': []},0,0,0,{'RT': [], 'RW': [], 'LB': [], 'D': [], 'SP': [], 'M': [], 'CF': [], 'P': [], 'R': []},1,0,0,0
27,4,148,1,0,0,{'RT': ['1'], 'RW': [], 'LB': [], 'D': [], 'SP': [], 'M': [], 'CF': [], 'P': [], 'R': []},0,0,0,{'RT': [], 'RW': [], 'LB': ['1'], 'D': [], 'SP': [], 'M': [], 'CF': ['1', '2'], 'P': [], 'R': []},1,0,0,0
28,2,4939,0,0,1,{'RT': [], 'RW': [], 'LB': [], 'D': [], 'SP': [], 'M': [], 'CF': [], 'P': [], 'R': []},0,1,1,{'RT': ['1'], 'RW': ['1'], 'LB': [], 'D': [], 'SP': [], 'M': [], 'CF': [], 'P': [], 'R': []},1,0,0,0
28,5,3949,0,0,0,{'RT': [], 'RW': [], 'LB': [], 'D': [], 'SP': [], 'M': [], 'CF': [], 'P': [], 'R': []},0,0,0,{'RT': [], 'RW': [], 'LB': ['1'], 'D': [], 'SP': [], 'M': [], 'CF': [], 'P': [], 'R': ['1']},0,0,0,0
28,4,1360,0,0,1,{'RT': ['F'], 'RW': [], 'LB': [], 'D': [], 'SP': [], 'M': [], 'CF': [], 'P': [], 'R': []},0,1,0,{'RT': ['1', '2'], 'RW': [], 'LB': [], 'D': [], 'SP': [], 'M': [], 'CF': ['1', '2'], 'P': [], 'R': []},1,0,0,0
28,1,4917,0,0,0,{'RT': [], 'RW': [], 'LB': ['1'], 'D': [], 'SP': [], 'M': [], 'CF': [], 'P': [], 'R': []},0,1,3,{'RT': [], 'RW': [], 'LB': ['1', '2'], 'D': [], 'SP': [], 'M': [], 'CF': ['1', '2'], 'P': [], 'R': []},1,0,0,0
28,0,5519,0,0,0,{'RT': [], 'RW': [], 'LB': [], 'D': [], 'SP': [], 'M': [], 'CF': [], 'P': [], 'R': []},0,1,0,{'RT': [], 'RW': [], 'LB': [], 'D': [], 'SP': [], 'M': [], 'CF': [], 'P': [], 'R': []},1,0,0,0
28,3,5912,0,0,0,{'RT': [], 'RW': [], 'LB': ['1'], 'D': [], 'SP': [], 'M': [], 'CF': [], 'P': [], 'R': []},1,2,2,{'RT': [], 'RW': [], 'LB': ['1'], 'D': [], 'SP': [], 'M': [], 'CF': [], 'P': [], 'R': []},1,0,0,0
27,2,5631,1,0,0,{'RT': [], 'RW': [], 'LB': ['1'], 'D': [], 'SP': [], 'M': [], 'CF': [], 'P': [], 'R': []},1,0,1,{'RT': [], 'RW': [], 'LB': ['1'], 'D': [], 'SP': [], 'M': [], 'CF': [], 'P': [], 'R': ['1', '2']},1,0,0,0
27,1,1114,1,0,0,{'RT': [], 'RW': [], 'LB': [], 'D': [], 'SP': [], 'M': [], 'CF': [], 'P': [], 'R': ['1']},3,0,1,{'RT': [], 'RW': ['1', '2'], 'LB': [], 'D': [], 'SP': [], 'M': [], 'CF': ['1', '2'], 'P': [], 'R': []},0,1,0,0
27,0,3739,0,0,0,{'RT': ['F'], 'RW': [], 'LB': [], 'D': [], 'SP': [], 'M': [], 'CF': [], 'P': [], 'R': []},0,2,0,{'RT': ['1', '2'], 'RW': [], 'LB': [], 'D': [], 'SP': [], 'M': [], 'CF': [], 'P': [], 'R': []},1,0,0,0
27,3,4940,0,0,0,{'RT': [], 'RW': [], 'LB': [], 'D': [], 'SP': [], 'M': [], 'CF': [], 'P': [], 'R': ['1']},0,0,0,{'RT': [], 'RW': [], 'LB': [], 'D': [], 'SP': ['1', '2'], 'M': [], 'CF': [], 'P': [], 'R': ['1']},0,1,0,0
29,5,4678,1,0,0,{'RT': [], 'RW': [], 'LB': [], 'D': [], 'SP': ['1'], 'M': [], 'CF': [], 'P': [], 'R': []},3,0,1,{'RT': [], 'RW': [], 'LB': [], 'D': [], 'SP': [], 'M': [], 'CF': ['2'], 'P': [], 'R': ['1']},1,0,0,0
30,5,2702,1,0,0,{'RT': [], 'RW': [], 'LB': [], 'D': [], 'SP': [], 'M': [], 'CF': [], 'P': [], 'R': ['1']},3,0,2,{'RT': [], 'RW': [], 'LB': [], 'D': [], 'SP': ['1'], 'M': [], 'CF': [], 'P': [], 'R': ['1']},1,0,0,0
30,3,4525,1,0,0,{'RT': ['1'], 'RW': [], 'LB': [], 'D': [], 'SP': [], 'M': [], 'CF': [], 'P': [], 'R': []},0,1,0,{'RT': ['1'], 'RW': [], 'LB': ['1'], 'D': [], 'SP': [], 'M': [], 'CF': [], 'P': [], 'R': []},1,0,0,0
30,2,5032,0,0,0,{'RT': [], 'RW': [], 'LB': [], 'D': [], 'SP': [], 'M': [], 'CF': [], 'P': [], 'R': []},0,0,0,{'RT': [], 'RW': [], 'LB': ['1'], 'D': [], 'SP': [], 'M': ['F'], 'CF': [], 'P': [], 'R': []},1,0,0,0
30,1,1241,0,0,1,{'RT': [], 'RW': [], 'LB': [], 'D': [], 'SP': [], 'M': [], 'CF': ['F'], 'P': [], 'R': []},4,0,2,{'RT': ['1', '2'], 'RW': [], 'LB': [], 'D': [], 'SP': [], 'M': ['1'], 'CF': ['1', '2'], 'P': [], 'R': []},1,0,0,0
30,0,865,0,0,0,{'RT': [], 'RW': [], 'LB': [], 'D': [], 'SP': [], 'M': [], 'CF': [], 'P': [], 'R': []},0,3,0,{'RT': [], 'RW': [], 'LB': ['1'], 'D': [], 'SP': [], 'M': [], 'CF': [], 'P': [], 'R': []},1,0,0,0
31,5,3560,0,0,0,{'RT': [], 'RW': [], 'LB': ['1'], 'D': [], 'SP': [], 'M': [], 'CF': [], 'P': [], 'R': []},0,0,0,{'RT': [], 'RW': [], 'LB': ['1'], 'D': [], 'SP': [], 'M': [], 'CF': [], 'P': [], 'R': ['1']},1,0,0,0
31,4,1285,0,0,0,{'RT': [], 'RW': [], 'LB': [], 'D': [], 'SP': [], 'M': [], 'CF': [], 'P': [], 'R': ['1']},0,5,0,{'RT': [], 'RW': [], 'LB': ['1'], 'D': [], 'SP': [], 'M': [], 'CF': ['1', '2'], 'P': [], 'R': []},1,0,0,0
31,3,1360,0,0,0,{'RT': [], 'RW': ['1'], 'LB': [], 'D': [], 'SP': [], 'M': [], 'CF': [], 'P': [], 'R': []},0,1,0,{'RT': [], 'RW': ['1'], 'LB': [], 'D': [], 'SP': [], 'M': [], 'CF': [], 'P': [], 'R': []},1,0,0,0
31,2,4940,0,0,0,{'RT': [], 'RW': [], 'LB': [], 'D': [], 'SP': [], 'M': ['1'], 'CF': [], 'P': [], 'R': []},0,0,0,{'RT': [], 'RW': [], 'LB': ['1', '2'], 'D': ['1', '2'], 'SP': [], 'M': [], 'CF': ['1', '2'], 'P': [], 'R': []},1,0,0,0
31,1,3949,0,0,0,{'RT': [], 'RW': [], 'LB': [], 'D': [], 'SP': [], 'M': [], 'CF': [], 'P': [], 'R': []},0,0,0,{'RT': [], 'RW': ['1', '2'], 'LB': ['1'], 'D': [], 'SP': [], 'M': ['1'], 'CF': [], 'P': [], 'R': []},0,0,0,0
31,0,5158,0,0,0,{'RT': [], 'RW': [], 'LB': [], 'D': [], 'SP': [], 'M': [], 'CF': [], 'P': [], 'R': []},0,0,0,{'RT': [], 'RW': [], 'LB': [], 'D': [], 'SP': [], 'M': [], 'CF': [], 'P': [], 'R': []},0,0,0,0
30,4,5483,0,0,1,{'RT': [], 'RW': [], 'LB': ['F'], 'D': [], 'SP': [], 'M': [], 'CF': [], 'P': [], 'R': []},0,0,0,{'RT': [], 'RW': [], 'LB': [], 'D': [], 'SP': [], 'M': [], 'CF': [], 'P': [], 'R': []},0,0,0,0
29,4,3161,0,0,0,{'RT': [], 'RW': [], 'LB': [], 'D': [], 'SP': [], 'M': [], 'CF': [], 'P': [], 'R': []},0,1,0,{'RT': ['1', '2'], 'RW': [], 'LB': ['1'], 'D': [], 'SP': [], 'M': [], 'CF': [], 'P': [], 'R': ['1']},1,0,0,0
29,3,5158,0,0,0,{'RT': [], 'RW': [], 'LB': [], 'D': [], 'SP': [], 'M': [], 'CF': [], 'P': [], 'R': []},0,0,0,{'RT': [], 'RW': [], 'LB': [], 'D': [], 'SP': [], 'M': [], 'CF': [], 'P': [], 'R': []},1,0,0,0
29,2,1285,0,0,0,{'RT': [], 'RW': [], 'LB': [], 'D': [], 'SP': [], 'M': [], 'CF': [], 'P': [], 'R': ['1']},0,1,0,{'RT': ['1'], 'RW': [], 'LB': [], 'D': [], 'SP': [], 'M': [], 'CF': [], 'P': [], 'R': ['1']},1,0,0,0
29,1,3683,0,0,0,{'RT': [], 'RW': [], 'LB': [], 'D': [], 'SP': [], 'M': [], 'CF': [], 'P': [], 'R': []},0,5,0,{'RT': [], 'RW': [], 'LB': ['1', '2'], 'D': [], 'SP': [], 'M': [], 'CF': ['1'], 'P': [], 'R': ['1']},0,0,0,0
29,0,4039,1,0,0,{'RT': ["1"], 'RW': [], 'LB': [], 'D': [], 'SP': [], 'M': [], 'CF': [], 'P': [], 'R': []},5,0,0,{'RT': ['1'], 'RW': [], 'LB': [], 'D': [], 'SP': [], 'M': [], 'CF': ['1'], 'P': [], 'R': ['1']},1,0,0,0
32,1,5406,0,0,0,{'RT': [], 'RW': ['1'], 'LB': [], 'D': [], 'SP': [], 'M': [], 'CF': [], 'P': [], 'R': []},0,5,0,{'RT': [], 'RW': ['1'], 'LB': [], 'D': [], 'SP': ['1', '2'], 'M': [], 'CF': ['1', '2'], 'P': [], 'R': ['1']},1,0,0,0
32,0,5912,0,0,1,{'RT': [], 'RW': [], 'LB': [], 'D': [], 'SP': [], 'M': [], 'CF': [], 'P': [], 'R': []},1,0,2,{'RT': [], 'RW': [], 'LB': ['1'], 'D': [], 'SP': [], 'M': [], 'CF': [], 'P': [], 'R': []},1,0,0,0
34,4,3683,0,0,0,{'RT': [], 'RW': [], 'LB': ['1'], 'D': [], 'SP': [], 'M': [], 'CF': [], 'P': [], 'R': []},0,5,0,{'RT': [], 'RW': ['1'], 'LB': ['1', '2'], 'D': [], 'SP': [], 'M': [], 'CF': ['1'], 'P': [], 'R': []},0,1,0,0
32,2,610,0,0,0,{'RT': [], 'RW': [], 'LB': ['1'], 'D': [], 'SP': [], 'M': [], 'CF': [], 'P': [], 'R': []},5,4,2,{'RT': [], 'RW': [], 'LB': ['1', '2'], 'D': [], 'SP': [], 'M': [], 'CF': [], 'P': [], 'R': []},1,0,0,0
32,3,5631,1,0,0,{'RT': [], 'RW': [], 'LB': ['1'], 'D': [], 'SP': [], 'M': [], 'CF': [], 'P': [], 'R': []},1,0,1,{'RT': [], 'RW': [], 'LB': ['1'], 'D': [], 'SP': [], 'M': [], 'CF': [], 'P': [], 'R': []},1,0,0,0
32,4,5032,0,0,0,{'RT': [], 'RW': [], 'LB': [], 'D': [], 'SP': [], 'M': [], 'CF': [], 'P': [], 'R': []},0,0,0,{'RT': [], 'RW': [], 'LB': [], 'D': [], 'SP': [], 'M': ['1'], 'CF': [], 'P': [], 'R': []},0,0,0,0
32,5,3161,0,0,0,{'RT': [], 'RW': [], 'LB': [], 'D': [], 'SP': [], 'M': [], 'CF': [], 'P': [], 'R': []},0,0,0,{'RT': [], 'RW': ['F'], 'LB': [], 'D': [], 'SP': [], 'M': [], 'CF': [], 'P': [], 'R': []},0,0,1,0
33,0,4945,0,0,0,{'RT': [], 'RW': [], 'LB': ['1'], 'D': [], 'SP': [], 'M': [], 'CF': [], 'P': [], 'R': []},0,0,2,{'RT': [], 'RW': [], 'LB': ['1'], 'D': [], 'SP': [], 'M': [], 'CF': [], 'P': [], 'R': []},1,0,0,0
33,2,4678,0,0,1,{'RT': [], 'RW': [], 'LB': [], 'D': [], 'SP': ['F'], 'M': [], 'CF': [], 'P': [], 'R': []},2,0,2,{'RT': [], 'RW': [], 'LB': ['1'], 'D': [], 'SP': ['1'], 'M': [], 'CF': [], 'P': [], 'R': []},1,0,0,0
33,1,4939,1,0,0,{'RT': [], 'RW': [], 'LB': [], 'D': [], 'SP': [], 'M': [], 'CF': [], 'P': [], 'R': ['1']},3,2,1,{'RT': [], 'RW': ['1'], 'LB': [], 'D': [], 'SP': [], 'M': [], 'CF': ['1', '2'], 'P': [], 'R': ['1']},0,0,0,0
33,3,1114,1,0,1,{'RT': [], 'RW': [], 'LB': ['1'], 'D': [], 'SP': [], 'M': [], 'CF': [], 'P': [], 'R': []},3,0,2,{'RT': [], 'RW': [], 'LB': [], 'D': [], 'SP': [], 'M': [], 'CF': [], 'P': [], 'R': []},1,1,0,0
33,4,2056,1,0,0,{'RT': [], 'RW': [], 'LB': [], 'D': [], 'SP': [], 'M': [], 'CF': ['1'], 'P': [], 'R': []},7,0,1,{'RT': [], 'RW': [], 'LB': [], 'D': [], 'SP': [], 'M': [], 'CF': ['1'], 'P': [], 'R': []},0,1,0,0
33,5,2702,1,0,0,{'RT': [], 'RW': [], 'LB': [], 'D': [], 'SP': [], 'M': [], 'CF': [], 'P': [], 'R': ['1']},2,0,2,{'RT': [], 'RW': ['1'], 'LB': [], 'D': [], 'SP': [], 'M': [], 'CF': [], 'P': [], 'R': ['1']},1,0,0,0
34,0,5483,0,0,0,{'RT': [], 'RW': [], 'LB': [], 'D': [], 'SP': [], 'M': [], 'CF': [], 'P': [], 'R': []},0,0,0,{'RT': [], 'RW': [], 'LB': ['1'], 'D': [], 'SP': [], 'M': [], 'CF': [], 'P': [], 'R': []},0,0,0,0
34,1,865,0,0,0,{'RT': [], 'RW': [], 'LB': [], 'D': [], 'SP': [], 'M': [], 'CF': [], 'P': [], 'R': []},0,5,0,{'RT': [], 'RW': [], 'LB': ['1', '2'], 'D': [], 'SP': [], 'M': [], 'CF': [], 'P': [], 'R': []},1,0,0,0
34,2,5519,0,0,0,{'RT': [], 'RW': [], 'LB': [], 'D': [], 'SP': [], 'M': [], 'CF': [], 'P': [], 'R': []},0,0,0,{'RT': [], 'RW': [], 'LB': [], 'D': [], 'SP': [], 'M': [], 'CF': [], 'P': [], 'R': ['1', '2']},0,0,0,0
34,3,1241,0,0,0,{'RT': [], 'RW': [], 'LB': [], 'D': [], 'SP': [], 'M': [], 'CF': ['1'], 'P': [], 'R': []},4,0,0,{'RT': [], 'RW': ['1', '2'], 'LB': [], 'D': [], 'SP': [], 'M': [], 'CF': ['1'], 'P': [], 'R': []},1,0,0,0
34,5,4618,0,0,0,{'RT': [], 'RW': [], 'LB': [], 'D': [], 'SP': [], 'M': [], 'CF': [], 'P': [], 'R': []},2,1,0,{'RT': [], 'RW': [], 'LB': [], 'D': [], 'SP': [], 'M': ['1', '2'], 'CF': [], 'P': [], 'R': []},0,0,0,0
35,0,4917,0,0,0,{'RT': [], 'RW': [], 'LB': [], 'D': [], 'SP': [], 'M': [], 'CF': [], 'P': [], 'R': []},0,0,0,{'RT': [], 'RW': [], 'LB': [], 'D': [], 'SP': [], 'M': [], 'CF': [], 'P': [], 'R': []},0,0,0,1
35,1,3739,0,0,0,{'RT': [], 'RW': [], 'LB': [], 'D': [], 'SP': [], 'M': [], 'CF': [], 'P': [], 'R': []},0,0,0,{'RT': [], 'RW': [], 'LB': [], 'D': [], 'SP': [], 'M': [], 'CF': [], 'P': [], 'R': []},0,0,0,1
35,1,4678,0,0,1,{'RT': [], 'RW': [], 'LB': [], 'D': [], 'SP': ['F'], 'M': [], 'CF': [], 'P': [], 'R': []},3,0,0,{'RT': [], 'RW': [], 'LB': [], 'D': [], 'SP': ['1', '2'], 'M': [], 'CF': ['1', '2'], 'P': [], 'R': []},1,0,0,0
36,2,5912,0,0,0,{'RT': [], 'RW': [], 'LB': ['1'], 'D': [], 'SP': [], 'M': [], 'CF': [], 'P': [], 'R': []},1,1,1,{'RT': [], 'RW': [], 'LB': ['1'], 'D': [], 'SP': [], 'M': [], 'CF': [], 'P': [], 'R': []},0,0,0,0
36,3,1285,0,0,0,{'RT': [], 'RW': [], 'LB': [], 'D': [], 'SP': [], 'M': ['1'], 'CF': [], 'P': [], 'R': []},0,4,0,{'RT': [], 'RW': [], 'LB': [], 'D': [], 'SP': ['1', '2'], 'M': ['1'], 'CF': [], 'P': [], 'R': []},0,0,1,0
36,4,2056,1,0,0,{'RT': [], 'RW': ['1'], 'LB': [], 'D': [], 'SP': [], 'M': [], 'CF': [], 'P': [], 'R': []},6,0,0,{'RT': [], 'RW': ['1'], 'LB': [], 'D': [], 'SP': [], 'M': [], 'CF': ['1', '2'], 'P': [], 'R': []},0,1,0,0
35,2,4525,0,0,0,{'RT': [], 'RW': ['1'], 'LB': [], 'D': [], 'SP': [], 'M': [], 'CF': [], 'P': [], 'R': []},0,1,0,{'RT': [], 'RW': ['1'], 'LB': ['1'], 'D': [], 'SP': ['1'], 'M': [], 'CF': [], 'P': [], 'R': ['1', '2']},1,0,0,0
35,3,5033,0,0,0,{'RT': [], 'RW': ['1'], 'LB': [], 'D': [], 'SP': [], 'M': [], 'CF': [], 'P': [], 'R': []},1,0,0,{'RT': [], 'RW': ['1'], 'LB': [], 'D': [], 'SP': [], 'M': [], 'CF': [], 'P': [], 'R': ['1', '2']},1,0,0,0
35,4,148,0,0,0,{'RT': [], 'RW': [], 'LB': [], 'D': [], 'SP': [], 'M': [], 'CF': ['1'], 'P': [], 'R': []},8,0,0,{'RT': [], 'RW': [], 'LB': ['1'], 'D': [], 'SP': [], 'M': [], 'CF': ['1'], 'P': [], 'R': ['1', '2']},0,1,0,0
35,5,4939,0,0,1,{'RT': [], 'RW': [], 'LB': [], 'D': [], 'SP': [], 'M': [], 'CF': [], 'P': [], 'R': []},0,3,1,{'RT': [], 'RW': ['1'], 'LB': [], 'D': [], 'SP': [], 'M': [], 'CF': [], 'P': [], 'R': []},0,0,0,0
36,0,2702,1,0,0,{'RT': [], 'RW': [], 'LB': [], 'D': [], 'SP': [], 'M': ['1'], 'CF': [], 'P': [], 'R': []},2,0,0,{'RT': [], 'RW': [], 'LB': [], 'D': [], 'SP': [], 'M': ['1'], 'CF': [], 'P': [], 'R': []},0,0,0,0
36,5,3949,0,0,0,{'RT': [], 'RW': [], 'LB': [], 'D': [], 'SP': [], 'M': [], 'CF': [], 'P': [], 'R': []},0,0,0,{'RT': [], 'RW': [], 'LB': ['1', '2'], 'D': [], 'SP': [], 'M': [], 'CF': [], 'P': [], 'R': []},0,0,0,0
37,0,5519,0,0,0,{'RT': [], 'RW': [], 'LB': [], 'D': [], 'SP': [], 'M': [], 'CF': [], 'P': [], 'R': []},0,0,0,{'RT': [], 'RW': [], 'LB': [], 'D': [], 'SP': [], 'M': ['1'], 'CF': [], 'P': [], 'R': []},0,0,0,0
37,1,5032,0,0,0,{'RT': [], 'RW': [], 'LB': [], 'D': [], 'SP': [], 'M': [], 'CF': [], 'P': [], 'R': []},0,0,0,{'RT': [], 'RW': [], 'LB': ['1', '2'], 'D': [], 'SP': [], 'M': [], 'CF': [], 'P': [], 'R': []},0,0,1,0
38,0,610,0,0,0,{'RT': [], 'RW': [], 'LB': ['1'], 'D': [], 'SP': [], 'M': [], 'CF': [], 'P': [], 'R': []},2,5,0,{'RT': [], 'RW': [], 'LB': ['1'], 'D': [], 'SP': [], 'M': ['2'], 'CF': [], 'P': [], 'R': []},0,1,0,0
38,3,148,0,0,0,{'RT': [], 'RW': [], 'LB': [], 'D': [], 'SP': [], 'M': [], 'CF': ['1'], 'P': [], 'R': []},3,0,2,{'RT': [], 'RW': ['1', '2'], 'LB': ['1'], 'D': [], 'SP': [], 'M': ['1'], 'CF': ['1'], 'P': [], 'R': []},0,0,0,0
37,2,3683,0,1,0,{'RT': [], 'RW': [], 'LB': ['1'], 'D': [], 'SP': [], 'M': [], 'CF': [], 'P': [], 'R': []},0,4,2,{'RT': [], 'RW': ['1', '2'], 'LB': ['1'], 'D': [], 'SP': [], 'M': [], 'CF': ['1', '2'], 'P': [], 'R': []},0,0,0,0
37,3,5158,0,0,0,{'RT': [], 'RW': [], 'LB': [], 'D': [], 'SP': [], 'M': [], 'CF': [], 'P': [], 'R': []},0,0,0,{'RT': [], 'RW': [], 'LB': [], 'D': [], 'SP': [], 'M': [], 'CF': [], 'P': [], 'R': []},0,0,1,0
37,4,4943,0,0,0,{'RT': [], 'RW': [], 'LB': ['1'], 'D': [], 'SP': [], 'M': [], 'CF': [], 'P': [], 'R': []},1,1,1,{'RT': [], 'RW': ['1'], 'LB': ['1', '2'], 'D': [], 'SP': ['1'], 'M': [], 'CF': [], 'P': [], 'R': []},0,0,0,0
37,5,4939,0,0,1,{'RT': [], 'RW': [], 'LB': [], 'D': [], 'SP': [], 'M': [], 'CF': [], 'P': [], 'R': []},0,2,0,{'RT': [], 'RW': ['1'], 'LB': [], 'D': [], 'SP': [], 'M': [], 'CF': [], 'P': [], 'R': []},1,0,0,0
38,1,1360,0,0,0,{'RT': [], 'RW': [], 'LB': [], 'D': [], 'SP': [], 'M': [], 'CF': [], 'P': [], 'R': []},0,0,0,{'RT': [], 'RW': [], 'LB': ['1'], 'D': [], 'SP': [], 'M': [], 'CF': [], 'P': [], 'R': []},0,0,0,0
38,4,3749,0,0,0,{'RT': [], 'RW': [], 'LB': ['1'], 'D': [], 'SP': [], 'M': [], 'CF': [], 'P': [], 'R': []},0,0,0,{'RT': [], 'RW': [], 'LB': ['1'], 'D': [], 'SP': [], 'M': [], 'CF': [], 'P': [], 'R': []},1,0,0,0
38,5,4618,0,0,1,{'RT': [], 'RW': [], 'LB': [], 'D': [], 'SP': [], 'M': ['F'], 'CF': [], 'P': [], 'R': []},0,0,0,{'RT': [], 'RW': [], 'LB': [], 'D': [], 'SP': [], 'M': ['1', '2'], 'CF': [], 'P': [], 'R': []},0,0,0,0
38,2,1241,0,1,0,{'RT': [], 'RW': ['1'], 'LB': [], 'D': [], 'SP': [], 'M': [], 'CF': [], 'P': [], 'R': []},5,0,0,{'RT': [], 'RW': ['1'], 'LB': [], 'D': [], 'SP': [], 'M': [], 'CF': ['1', '2'], 'P': [], 'R': []},1,0,0,0
39,0,4525,0,0,0,{'RT': [], 'RW': ['1'], 'LB': [], 'D': [], 'SP': [], 'M': [], 'CF': [], 'P': [], 'R': []},0,2,0,{'RT': [], 'RW': ['1'], 'LB': ['1'], 'D': [], 'SP': ['2'], 'M': [], 'CF': [], 'P': [], 'R': []},1,0,0,0
39,1,5631,0,0,0,{'RT': [], 'RW': [], 'LB': ['1'], 'D': [], 'SP': [], 'M': [], 'CF': [], 'P': [], 'R': []},0,0,0,{'RT': [], 'RW': [], 'LB': [], 'D': [], 'SP': [], 'M': [], 'CF': [], 'P': [], 'R': []},0,0,1,0
40,0,3940,0,0,0,{'RT': [], 'RW': [], 'LB': [], 'D': [], 'SP': [], 'M': ['1'], 'CF': [], 'P': [], 'R': []},0,0,0,{'RT': [], 'RW': [], 'LB': [], 'D': [], 'SP': ['1', '2'], 'M': ['1'], 'CF': ['1', '2'], 'P': [], 'R': []},0,0,0,0
40,5,4917,1,0,0,{'RT': [], 'RW': [], 'LB': ['1'], 'D': [], 'SP': [], 'M': [], 'CF': [], 'P': [], 'R': []},3,0,0,{'RT': [], 'RW': [], 'LB': [], 'D': [], 'SP': [], 'M': ['1'], 'CF': [], 'P': [], 'R': []},1,0,0,0
40,3,5406,0,0,0,{'RT': [], 'RW': ['1'], 'LB': [], 'D': [], 'SP': [], 'M': [], 'CF': [], 'P': [], 'R': []},0,5,0,{'RT': [], 'RW': ['1'], 'LB': ['1', '2'], 'D': [], 'SP': [], 'M': [], 'CF': [], 'P': [], 'R': []},0,0,0,0
39,2,3560,0,0,0,{'RT': [], 'RW': [], 'LB': [], 'D': [], 'SP': [], 'M': ['1'], 'CF': [], 'P': [], 'R': []},0,0,0,{'RT': [], 'RW': [], 'LB': ['1'], 'D': [], 'SP': [], 'M': ['1', '2'], 'CF': [], 'P': [], 'R': []},1,0,0,0
39,3,5033,0,0,0,{'RT': [], 'RW': ['1'], 'LB': [], 'D': [], 'SP': [], 'M': [], 'CF': [], 'P': [], 'R': []},0,0,1,{'RT': [], 'RW': ['1'], 'LB': [], 'D': [], 'SP': ['1', '2'], 'M': [], 'CF': [], 'P': [], 'R': []},1,0,0,0
39,4,4039,0,0,0,{'RT': [], 'RW': [], 'LB': [], 'D': [], 'SP': [], 'M': ['1'], 'CF': [], 'P': [], 'R': []},2,4,1,{'RT': [], 'RW': ['1'], 'LB': [], 'D': [], 'SP': [], 'M': ['1', '2'], 'CF': [], 'P': ['1', '2'], 'R': []},1,0,0,0
39,5,5483,0,0,0,{'RT': [], 'RW': [], 'LB': [], 'D': [], 'SP': [], 'M': [], 'CF': [], 'P': [], 'R': []},0,2,0,{'RT': [], 'RW': [], 'LB': ['1'], 'D': [], 'SP': [], 'M': [], 'CF': [], 'P': [], 'R': []},0,0,0,0
41,0,5483,0,0,0,{'RT': [], 'RW': [], 'LB': [], 'D': [], 'SP': [], 'M': [], 'CF': [], 'P': [], 'R': []},0,0,0,{'RT': [], 'RW': [], 'LB': [], 'D': [], 'SP': [], 'M': [], 'CF': [], 'P': [], 'R': []},1,0,1,0
41,1,3949,0,0,0,{'RT': [], 'RW': [], 'LB': [], 'D': [], 'SP': [], 'M': [], 'CF': [], 'P': [], 'R': []},0,0,0,{'RT': [], 'RW': [], 'LB': [], 'D': [], 'SP': [], 'M': ['F'], 'CF': [], 'P': [], 'R': []},0,0,0,0
41,2,3683,0,0,0,{'RT': [], 'RW': [], 'LB': ['1'], 'D': [], 'SP': [], 'M': [], 'CF': [], 'P': [], 'R': []},0,8,0,{'RT': [], 'RW': ['1'], 'LB': ['1'], 'D': [], 'SP': [], 'M': ['1'], 'CF': [], 'P': ['1', '2'], 'R': []},0,1,0,0
41,3,3739,0,0,0,{'RT': [], 'RW': [], 'LB': ['1'], 'D': [], 'SP': [], 'M': [], 'CF': [], 'P': [], 'R': []},0,0,0,{'RT': [], 'RW': [], 'LB': ['1', '2'], 'D': [], 'SP': ['1'], 'M': [], 'CF': [], 'P': [], 'R': []},0,0,0,0
16,3,3739,0,0,0,{'RT': [], 'RW': [], 'LB': [], 'D': [], 'SP': [], 'M': [], 'CF': [], 'P': [], 'R': []},0,0,0,{'RT': [], 'RW': [], 'LB': [], 'D': [], 'SP': [], 'M': [], 'CF': [], 'P': [], 'R': []},0,0,0,0
42,3,1360,0,0,0,{'RT': [], 'RW': [], 'LB': [], 'D': [], 'SP': [], 'M': [], 'CF': [], 'P': [], 'R': ['F']},0,0,0,{'RT': [], 'RW': ['1'], 'LB': [], 'D': [], 'SP': [], 'M': [], 'CF': [], 'P': [], 'R': []},0,0,0,0
42,1,1241,1,0,0,{'RT': [], 'RW': ["1"], 'LB': [], 'D': [], 'SP': [], 'M': [], 'CF': [], 'P': [], 'R': []},5,0,0,{'RT': [], 'RW': ["2"], 'LB': [], 'D': [], 'SP': [], 'M': [], 'CF': ["2"], 'P': [], 'R': ["1"]},1,0,0,0
42,2,4939,0,0,1,{'RT': [], 'RW': [], 'LB': [], 'D': [], 'SP': ['F'], 'M': [], 'CF': [], 'P': [], 'R': []},0,0,0,{'RT': [], 'RW': [], 'LB': [], 'D': [], 'SP': [], 'M': [], 'CF': [], 'P': [], 'R': []},1,0,0,0
42,4,5033,0,0,0,{'RT': [], 'RW': ['1'], 'LB': [], 'D': [], 'SP': [], 'M': [], 'CF': [], 'P': [], 'R': []},0,0,1,{'RT': [], 'RW': [], 'LB': [], 'D': [], 'SP': ['1', '2'], 'M': [], 'CF': [], 'P': [], 'R': ['1', '2']},0,0,0,0
43,0,2056,1,0,0,{'RT': [], 'RW': [], 'LB': [], 'D': [], 'SP': [], 'M': [], 'CF': ['1'], 'P': [], 'R': []},3,0,1,{'RT': [], 'RW': [], 'LB': ['1'], 'D': [], 'SP': [], 'M': [], 'CF': ['1'], 'P': [], 'R': []},1,0,0,0
43,1,4039,1,0,0,{'RT': [], 'RW': [], 'LB': [], 'D': [], 'SP': [], 'M': [], 'CF': [], 'P': [], 'R': ['1']},2,2,1,{'RT': [], 'RW': ['1', '2'], 'LB': ['1', '2'], 'D': [], 'SP': [], 'M': [], 'CF': [], 'P': [], 'R': ['1']},1,0,0,0
43,4,5631,0,0,0,{'RT': [], 'RW': [], 'LB': ['1'], 'D': [], 'SP': [], 'M': [], 'CF': [], 'P': [], 'R': []},0,0,0,{'RT': [], 'RW': [], 'LB': [], 'D': [], 'SP': [], 'M': [], 'CF': [], 'P': [], 'R': []},0,0,0,0
43,5,4917,1,0,0,{'RT': [], 'RW': [], 'LB': [], 'D': [], 'SP': [], 'M': [], 'CF': [], 'P': [], 'R': ['1']},2,0,1,{'RT': [], 'RW': [], 'LB': ['1', '2'], 'D': [], 'SP': [], 'M': [], 'CF': [], 'P': [], 'R': []},1,0,0,0
43,2,5519,0,0,0,{'RT': [], 'RW': [], 'LB': [], 'D': [], 'SP': [], 'M': [], 'CF': [], 'P': [], 'R': []},0,0,0,{'RT': [], 'RW': [], 'LB': [], 'D': [], 'SP': [], 'M': [], 'CF': [], 'P': [], 'R': []},0,0,0,0
43,3,148,1,0,0,{'RT': [], 'RW': [], 'LB': [], 'D': [], 'SP': [], 'M': [], 'CF': ['1'], 'P': [], 'R': []},3,0,0,{'RT': [], 'RW': ['1', '2'], 'LB': ['1', '2'], 'D': [], 'SP': [], 'M': [], 'CF': ['1'], 'P': [], 'R': ['1']},0,1,0,0
41,4,5032,0,0,0,{'RT': [], 'RW': [], 'LB': [], 'D': [], 'SP': [], 'M': [], 'CF': [], 'P': [], 'R': []},0,0,0,{'RT': [], 'RW': ['1'], 'LB': [], 'D': [], 'SP': ['1', '2'], 'M': [], 'CF': [], 'P': [], 'R': []},1,0,0,0
42,5,5406,0,0,0,{'RT': [], 'RW': [], 'LB': ['1'], 'D': [], 'SP': [], 'M': [], 'CF': [], 'P': [], 'R': []},0,5,0,{'RT': [], 'RW': [], 'LB': ['1'], 'D': [], 'SP': [], 'M': [], 'CF': [], 'P': [], 'R': []},1,0,0,0
40,1,865,0,0,0,{'RT': [], 'RW': [], 'LB': [], 'D': [], 'SP': [], 'M': [], 'CF': [], 'P': [], 'R': []},0,6,0,{'RT': [], 'RW': [], 'LB': ['1', '2'], 'D': [], 'SP': [], 'M': [], 'CF': [], 'P': [], 'R': []},1,0,0,0
44,0,4618,0,0,1,{'RT': [], 'RW': ['F'], 'LB': [], 'D': [], 'SP': [], 'M': [], 'CF': [], 'P': [], 'R': []},1,2,3,{'RT': [], 'RW': [], 'LB': ['1', '2'], 'D': [], 'SP': [], 'M': [], 'CF': [], 'P': [], 'R': []},1,0,0,0
44,1,4943,0,0,0,{'RT': [], 'RW': [], 'LB': ['1'], 'D': [], 'SP': [], 'M': [], 'CF': [], 'P': [], 'R': []},0,5,1,{'RT': [], 'RW': [], 'LB': [], 'D': [], 'SP': [], 'M': [], 'CF': [], 'P': ['1', '2'], 'R': []},1,0,0,0
44,2,4940,0,0,1,{'RT': [], 'RW': [], 'LB': [], 'D': [], 'SP': [], 'M': [], 'CF': [], 'P': [], 'R': ['F']},0,0,0,{'RT': [], 'RW': ['1', '2'], 'LB': [], 'D': [], 'SP': ['1', '2'], 'M': [], 'CF': [], 'P': [], 'R': ['1']},1,0,0,0
44,3,3161,0,0,0,{'RT': [], 'RW': [], 'LB': [], 'D': [], 'SP': [], 'M': [], 'CF': [], 'P': [], 'R': []},0,0,0,{'RT': [], 'RW': [], 'LB': [], 'D': [], 'SP': [], 'M': [], 'CF': [], 'P': [], 'R': []},0,0,0,1
44,4,5912,0,0,0,{'RT': [], 'RW': [], 'LB': ['1'], 'D': [], 'SP': [], 'M': [], 'CF': [], 'P': [], 'R': []},0,1,1,{'RT': [], 'RW': [], 'LB': [], 'D': [], 'SP': [], 'M': [], 'CF': [], 'P': [], 'R': []},0,0,1,0
44,5,4525,0,0,0,{'RT': [], 'RW': ['1'], 'LB': [], 'D': [], 'SP': [], 'M': [], 'CF': [], 'P': [], 'R': []},0,1,0,{'RT': [], 'RW': ['1'], 'LB': [], 'D': [], 'SP': ['1', '2'], 'M': [], 'CF': [], 'P': [], 'R': ['1', '2']},1,0,0,0
40,2,3161,0,0,0,{'RT': [], 'RW': [], 'LB': [], 'D': [], 'SP': [], 'M': [], 'CF': [], 'P': [], 'R': []},0,0,0,{'RT': [], 'RW': [], 'LB': ['1'], 'D': [], 'SP': [], 'M': [], 'CF': [], 'P': [], 'R': []},0,0,0,0
45,0,1285,0,0,0,{'RT': [], 'RW': ["1"], 'LB': [], 'D': [], 'SP': [], 'M': [], 'CF': [], 'P': [], 'R': []},0,3,0,{'RT': [], 'RW': [], 'LB': ['1'], 'D': [], 'SP': [], 'M': [], 'CF': ['1', '2'], 'P': [], 'R': []},1,0,0,0
45,1,5158,0,0,0,{'RT': [], 'RW': [], 'LB': ['1'], 'D': [], 'SP': [], 'M': [], 'CF': [], 'P': [], 'R': []},0,0,0,{'RT': [], 'RW': [], 'LB': [], 'D': [], 'SP': [], 'M': [], 'CF': [], 'P': [], 'R': []},0,0,0,0
45,2,1114,0,0,0,{'RT': [], 'RW': [], 'LB': [], 'D': [], 'SP': [], 'M': ['1'], 'CF': [], 'P': [], 'R': []},2,3,2,{'RT': [], 'RW': ['1'], 'LB': ['1'], 'D': [], 'SP': [], 'M': ['1'], 'CF': [], 'P': [], 'R': []},1,0,0,0
45,3,610,0,0,0,{'RT': [], 'RW': [], 'LB': [], 'D': [], 'SP': [], 'M': [], 'CF': [], 'P': [], 'R': []},0,6,1,{'RT': [], 'RW': ['1', '2'], 'LB': [], 'D': [], 'SP': [], 'M': [], 'CF': ['1', '2'], 'P': [], 'R': ['1']},0,1,0,0
45,4,3560,0,0,1,{'RT': [], 'RW': [], 'LB': [], 'D': [], 'SP': [], 'M': [], 'CF': [], 'P': [], 'R': []},0,0,0,{'RT': [], 'RW': [], 'LB': [], 'D': [], 'SP': [], 'M': [], 'CF': [], 'P': [], 'R': ['1']},0,0,0,0
45,5,865,0,0,0,{'RT': [], 'RW': [], 'LB': [], 'D': [], 'SP': [], 'M': [], 'CF': [], 'P': [], 'R': []},0,5,0,{'RT': [], 'RW': [], 'LB': ['1', '2'], 'D': [], 'SP': [], 'M': [], 'CF': [], 'P': [], 'R': []},0,0,0,0
40,4,1114,0,0,0,{'RT': [], 'RW': [], 'LB': [], 'D': [], 'SP': [], 'M': [], 'CF': [], 'P': ['1'], 'R': []},4,0,1,{'RT': [], 'RW': [], 'LB': [], 'D': [], 'SP': [], 'M': ['1'], 'CF': [], 'P': ['1', '2'], 'R': []},0,0,0,0
41,5,2702,1,0,0,{'RT': [], 'RW': [], 'LB': [], 'D': [], 'SP': [], 'M': [], 'CF': [], 'P': [], 'R': ['1']},2,0,2,{'RT': [], 'RW': ['1'], 'LB': [], 'D': [], 'SP': [], 'M': [], 'CF': [], 'P': [], 'R': ['1', '2']},1,0,0,0
46,0,3683,0,1,0,{'RT': [], 'RW': [], 'LB': ['1'], 'D': [], 'SP': [], 'M': [], 'CF': [], 'P': [], 'R': []},0,6,0,{'RT': ['1', '2'], 'RW': ['1'], 'LB': ['1'], 'D': [], 'SP': [], 'M': [], 'CF': ['1', '2'], 'P': [], 'R': []},0,1,0,0
46,1,4917,0,0,0,{'RT': [], 'RW': [], 'LB': [], 'D': [], 'SP': [], 'M': [], 'CF': [], 'P': [], 'R': ['1']},2,0,1,{'RT': [], 'RW': [], 'LB': [], 'D': [], 'SP': ['1', '2'], 'M': [], 'CF': [], 'P': [], 'R': []},1,0,0,0
46,2,4939,0,0,1,{'RT': [], 'RW': [], 'LB': [], 'D': [], 'SP': ['F'], 'M': [], 'CF': [], 'P': [], 'R': []},0,0,0,{'RT': ['1'], 'RW': [], 'LB': [], 'D': [], 'SP': [], 'M': [], 'CF': [], 'P': [], 'R': []},0,0,0,0
46,3,3739,0,0,0,{'RT': [], 'RW': [], 'LB': ['1'], 'D': [], 'SP': [], 'M': [], 'CF': [], 'P': [], 'R': []},0,0,0,{'RT': [], 'RW': [], 'LB': ['1'], 'D': [], 'SP': [], 'M': [], 'CF': ['1'], 'P': [], 'R': []},1,0,0,0
46,4,4039,0,0,0,{'RT': ['1'], 'RW': [], 'LB': [], 'D': [], 'SP': [], 'M': [], 'CF': [], 'P': [], 'R': []},4,2,0,{'RT': ['1', '2'], 'RW': [], 'LB': [], 'D': [], 'SP': [], 'M': [], 'CF': [], 'P': ['1', '2'], 'R': []},1,0,0,0
46,5,3949,0,0,0,{'RT': [], 'RW': [], 'LB': [], 'D': [], 'SP': [], 'M': [], 'CF': [], 'P': [], 'R': []},0,0,0,{'RT': [], 'RW': [], 'LB': [], 'D': [], 'SP': [], 'M': ['1', '2'], 'CF': [], 'P': [], 'R': []},0,0,0,0
47,1,5406,0,0,0,{'RT': [], 'RW': [], 'LB': [], 'D': [], 'SP': [], 'M': [], 'CF': [], 'P': [], 'R': []},0,3,0,{'RT': [], 'RW': [], 'LB': ['1', '2'], 'D': [], 'SP': [], 'M': [], 'CF': [], 'P': [], 'R': []},0,1,0,0
47,2,3560,0,0,0,{'RT': ['1'], 'RW': [], 'LB': [], 'D': [], 'SP': [], 'M': [], 'CF': [], 'P': [], 'R': []},0,0,0,{'RT': ['1', 'F'], 'RW': [], 'LB': [], 'D': [], 'SP': [], 'M': [], 'CF': [], 'P': [], 'R': []},1,0,0,0
47,3,1285,0,0,0,{'RT': [], 'RW': [], 'LB': [], 'D': [], 'SP': [], 'M': ['1'], 'CF': [], 'P': [], 'R': []},0,6,0,{'RT': [], 'RW': [], 'LB': ['1', '2'], 'D': [], 'SP': [], 'M': ['1'], 'CF': [], 'P': [], 'R': []},1,0,0,0
48,0,4940,0,0,0,{'RT': [], 'RW': [], 'LB': [], 'D': [], 'SP': [], 'M': ["1"], 'CF': [], 'P': [], 'R': []},0,0,0,{'RT': [], 'RW': [], 'LB': [], 'D': [], 'SP': ["2","F"], 'M': ["1","F"], 'CF': [], 'P': [], 'R': []},1,0,0,0
48,1,1114,0,0,0,{'RT': [], 'RW': [], 'LB': [], 'D': [], 'SP': [], 'M': [], 'CF': ['1'], 'P': [], 'R': []},5,0,0,{'RT': ['1', '2'], 'RW': [], 'LB': [], 'D': [], 'SP': [], 'M': [], 'CF': ['1'], 'P': [], 'R': []},0,1,0,0
48,2,1360,0,0,0,{'RT': [], 'RW': [], 'LB': ['1'], 'D': [], 'SP': [], 'M': [], 'CF': [], 'P': [], 'R': []},0,0,0,{'RT': [], 'RW': [], 'LB': [], 'D': [], 'SP': [], 'M': [], 'CF': [], 'P': [], 'R': []},0,0,0,0
47,4,3161,0,0,0,{'RT': [], 'RW': [], 'LB': [], 'D': [], 'SP': [], 'M': [], 'CF': [], 'P': [], 'R': []},0,0,0,{'RT': [], 'RW': [], 'LB': [], 'D': [], 'SP': [], 'M': ['1'], 'CF': [], 'P': ['1', '2'], 'R': []},1,0,0,0
47,5,2702,1,0,0,{'RT': ['1'], 'RW': [], 'LB': [], 'D': [], 'SP': [], 'M': [], 'CF': [], 'P': [], 'R': []},1,0,4,{'RT': ['1', '2'], 'RW': [], 'LB': [], 'D': [], 'SP': [], 'M': [], 'CF': [], 'P': [], 'R': []},1,0,0,0
47,0,2056,1,0,0,{'RT': [], 'RW': [], 'LB': [], 'D': [], 'SP': [], 'M': ['1'], 'CF': [], 'P': [], 'R': []},4,0,0,{'RT': ['1', '2'], 'RW': [], 'LB': [], 'D': [], 'SP': [], 'M': ['1', '2'], 'CF': [], 'P': ['1'], 'R': []},0,1,0,0
48,3,4678,0,0,0,{'RT': [], 'RW': [], 'LB': [], 'D': ['1'], 'SP': [], 'M': [], 'CF': [], 'P': [], 'R': []},0,1,1,{'RT': [], 'RW': [], 'LB': [], 'D': ['1'], 'SP': [], 'M': [], 'CF': [], 'P': [], 'R': []},1,0,0,0
48,4,5483,0,0,0,{'RT': [], 'RW': [], 'LB': [], 'D': [], 'SP': [], 'M': [], 'CF': [], 'P': [], 'R': []},0,2,1,{'RT': ['1'], 'RW': [], 'LB': ['1', '2'], 'D': [], 'SP': [], 'M': [], 'CF': [], 'P': [], 'R': []},1,0,0,0
48,5,610,0,0,0,{'RT': [], 'RW': [], 'LB': ['1'], 'D': [], 'SP': [], 'M': [], 'CF': [], 'P': [], 'R': []},0,5,1,{'RT': ['1'], 'RW': [], 'LB': ['1'], 'D': [], 'SP': [], 'M': ['1', '2'], 'CF': [], 'P': [], 'R': []},1,1,0,0
49,0,5631,0,0,1,{'RT': [], 'RW': [], 'LB': [], 'D': [], 'SP': [], 'M': [], 'CF': [], 'P': [], 'R': []},0,4,0,{'RT': [], 'RW': [], 'LB': ['1', '2', 'F'], 'D': [], 'SP': [], 'M': [], 'CF': [], 'P': [], 'R': []},1,0,0,0
49,1,148,1,0,0,{'RT': ['1'], 'RW': [], 'LB': [], 'D': [], 'SP': [], 'M': [], 'CF': [], 'P': [], 'R': []},5,1,3,{'RT': ['1'], 'RW': [], 'LB': [], 'D': [], 'SP': [], 'M': [], 'CF': ['1', '2'], 'P': [], 'R': ['1']},1,0,0,0
49,2,4618,0,0,0,{'RT': [], 'RW': [], 'LB': [], 'D': [], 'SP': [], 'M': [], 'CF': [], 'P': [], 'R': []},1,4,1,{'RT': [], 'RW': [], 'LB': ['1'], 'D': [], 'SP': [], 'M': [], 'CF': [], 'P': [], 'R': ['1', '2']},0,0,0,0
49,3,865,1,0,0,{'RT': [], 'RW': [], 'LB': [], 'D': [], 'SP': [], 'M': [], 'CF': [], 'P': [], 'R': []},0,3,1,{'RT': ['1', '2'], 'RW': [], 'LB': [], 'D': [], 'SP': [], 'M': [], 'CF': [], 'P': [], 'R': ['1', '2']},0,0,0,0
49,4,5912,0,0,0,{'RT': [], 'RW': [], 'LB': ['1'], 'D': [], 'SP': [], 'M': [], 'CF': [], 'P': [], 'R': []},0,2,3,{'RT': [], 'RW': [], 'LB': ['1', '2'], 'D': [], 'SP': [], 'M': [], 'CF': [], 'P': [], 'R': []},0,0,0,0
49,5,5519,0,0,0,{'RT': [], 'RW': [], 'LB': [], 'D': [], 'SP': [], 'M': [], 'CF': [], 'P': [], 'R': []},0,0,0,{'RT': [], 'RW': [], 'LB': [], 'D': [], 'SP': [], 'M': [], 'CF': [], 'P': [], 'R': []},0,0,0,0
50,0,5032,0,0,0,{'RT': [], 'RW': [], 'LB': [], 'D': [], 'SP': [], 'M': [], 'CF': [], 'P': [], 'R': []},0,0,0,{'RT': ['1'], 'RW': [], 'LB': [], 'D': [], 'SP': ['1', 'F'], 'M': [], 'CF': [], 'P': [], 'R': ['1', '2']},1,0,0,0
50,1,5158,0,0,0,{'RT': ['1'], 'RW': [], 'LB': [], 'D': [], 'SP': [], 'M': [], 'CF': [], 'P': [], 'R': []},0,0,0,{'RT': ['1'], 'RW': [], 'LB': ['1'], 'D': [], 'SP': [], 'M': [], 'CF': [], 'P': [], 'R': []},0,0,0,0
50,2,4943,0,0,0,{'RT': [], 'RW': [], 'LB': ['1'], 'D': [], 'SP': [], 'M': [], 'CF': [], 'P': [], 'R': []},0,3,1,{'RT': [], 'RW': [], 'LB': [], 'D': [], 'SP': [], 'M': [], 'CF': ['1', '2'], 'P': [], 'R': []},0,0,0,0
50,3,4525,0,0,1,{'RT': [], 'RW': [], 'LB': ['F'], 'D': [], 'SP': [], 'M': [], 'CF': [], 'P': [], 'R': []},0,2,0,{'RT': ['1'], 'RW': [], 'LB': ['1'], 'D': [], 'SP': [], 'M': [], 'CF': [], 'P': [], 'R': ['1', '2']},1,0,0,0
50,3,4525,0,0,1,{'RT': [], 'RW': [], 'LB': ['F'], 'D': [], 'SP': [], 'M': [], 'CF': [], 'P': [], 'R': []},0,2,0,{'RT': ['1'], 'RW': [], 'LB': ['1'], 'D': [], 'SP': [], 'M': [], 'CF': [], 'P': [], 'R': ['1', '2']},1,0,0,0
50,4,5033,0,0,0,{'RT': [], 'RW': [], 'LB': [], 'D': [], 'SP': [], 'M': [], 'CF': [], 'P': [], 'R': []},0,0,0,{'RT': [], 'RW': [], 'LB': ['1'], 'D': [], 'SP': ['1', '2'], 'M': [], 'CF': [], 'P': [], 'R': []},1,0,0,0
50,5,1241,1,0,0,{'RT': ['1'], 'RW': [], 'LB': [], 'D': [], 'SP': [], 'M': [], 'CF': [], 'P': [], 'R': []},0,5,0,{'RT': ['1', '2'], 'RW': [], 'LB': [], 'D': [], 'SP': ['1'], 'M': [], 'CF': ['1', '2'], 'P': [], 'R': []},1,0,0,0
51,0,3560,0,0,0,{'RT': [], 'RW': ['1'], 'LB': [], 'D': [], 'SP': [], 'M': [], 'CF': [], 'P': [], 'R': []},0,4,0,{'RT': [], 'RW': ['1'], 'LB': ['1'], 'D': [], 'SP': [], 'M': [], 'CF': [], 'P': [], 'R': []},1,0,0,0
51,1,2702,0,0,0,{'RT': [], 'RW': [], 'LB': [], 'D': [], 'SP': [], 'M': [], 'CF': [], 'P': [], 'R': ['1']},2,0,2,{'RT': [], 'RW': [], 'LB': [], 'D': ['1'], 'SP': [], 'M': [], 'CF': [], 'P': [], 'R': ['1', '2']},1,0,0,0
51,2,3949,0,0,0,{'RT': [], 'RW': [], 'LB': [], 'D': [], 'SP': [], 'M': [], 'CF': [], 'P': [], 'R': []},0,0,0,{'RT': [], 'RW': ['1'], 'LB': ['1', '2'], 'D': ['1'], 'SP': [], 'M': [], 'CF': [], 'P': [], 'R': ['F']},0,0,0,0
51,3,5519,0,0,0,{'RT': [], 'RW': [], 'LB': [], 'D': [], 'SP': [], 'M': [], 'CF': [], 'P': [], 'R': []},0,0,0,{'RT': [], 'RW': [], 'LB': [], 'D': [], 'SP': [], 'M': [], 'CF': [], 'P': [], 'R': ['1']},1,0,1,0
51,4,1285,0,0,0,{'RT': [], 'RW': ['1'], 'LB': [], 'D': [], 'SP': [], 'M': [], 'CF': [], 'P': [], 'R': []},0,5,0,{'RT': [], 'RW': ['1'], 'LB': ['1', '2'], 'D': [], 'SP': [], 'M': [], 'CF': [], 'P': [], 'R': ['1']},1,0,0,0
51,5,1114,0,0,0,{'RT': [], 'RW': [], 'LB': [], 'D': [], 'SP': [], 'M': [], 'CF': ['1'], 'P': [], 'R': []},4,0,2,{'RT': [], 'RW': [], 'LB': ['1'], 'D': [], 'SP': [], 'M': [], 'CF': ['1'], 'P': [], 'R': ['1']},0,0,0,0
52,0,3739,0,0,0,{'RT': [], 'RW': [], 'LB': [], 'D': [], 'SP': [], 'M': [], 'CF': [], 'P': [], 'R': ['1']},0,4,1,{'RT': [], 'RW': [], 'LB': ['2'], 'D': [], 'SP': [], 'M': [], 'CF': [], 'P': [], 'R': ["1"]},1,0,0,0
52,1,1360,0,0,1,{'RT': [], 'RW': [], 'LB': [], 'D': [], 'SP': [], 'M': [], 'CF': [], 'P': [], 'R': []},0,0,0,{'RT': [], 'RW': ['1', '2'], 'LB': [], 'D': [], 'SP': ['1'], 'M': [], 'CF': ['1', '2'], 'P': [], 'R': []},1,0,0,0
53,3,610,0,0,0,{'RT': [], 'RW': [], 'LB': ['1'], 'D': [], 'SP': [], 'M': [], 'CF': [], 'P': [], 'R': []},0,5,2,{'RT': [], 'RW': [], 'LB': ['1'], 'D': [], 'SP': [], 'M': [], 'CF': ['1', '2'], 'P': [], 'R': ['1', '2']},0,1,0,0
53,4,3161,0,0,0,{'RT': [], 'RW': [], 'LB': [], 'D': [], 'SP': [], 'M': [], 'CF': [], 'P': [], 'R': []},0,0,0,{'RT': [], 'RW': [], 'LB': ['1'], 'D': [], 'SP': [], 'M': [], 'CF': [], 'P': [], 'R': []},0,0,1,0
52,2,5033,0,0,0,{'RT': [], 'RW': [], 'LB': ['1'], 'D': [], 'SP': [], 'M': [], 'CF': [], 'P': [], 'R': []},0,0,0,{'RT': [], 'RW': ['1'], 'LB': [], 'D': [], 'SP': [], 'M': [], 'CF': [], 'P': [], 'R': []},1,0,0,0
52,3,5631,1,0,0,{'RT': [], 'RW': [], 'LB': ['1'], 'D': [], 'SP': [], 'M': [], 'CF': [], 'P': [], 'R': []},0,2,1,{'RT': [], 'RW': ['1'], 'LB': [], 'D': [], 'SP': [], 'M': ['1', '2'], 'CF': [], 'P': [], 'R': []},0,0,0,0
52,4,4943,0,0,1,{'RT': [], 'RW': [], 'LB': [], 'D': [], 'SP': [], 'M': [], 'CF': [], 'P': [], 'R': []},0,0,0,{'RT': [], 'RW': [], 'LB': [], 'D': [], 'SP': [], 'M': [], 'CF': ['1'], 'P': [], 'R': []},1,0,0,0
52,5,5912,0,0,1,{'RT': [], 'RW': [], 'LB': [], 'D': [], 'SP': [], 'M': [], 'CF': [], 'P': [], 'R': []},0,1,1,{'RT': [], 'RW': [], 'LB': ['1', '2'], 'D': [], 'SP': [], 'M': [], 'CF': [], 'P': [], 'R': []},0,0,1,0
54,0,5158,0,0,0,{'RT': [], 'RW': [], 'LB': [], 'D': [], 'SP': [], 'M': ['1'], 'CF': [], 'P': [], 'R': []},0,0,0,{'RT': [], 'RW': [], 'LB': ['1'], 'D': [], 'SP': [], 'M': [], 'CF': [], 'P': [], 'R': []},1,0,0,0
54,1,4525,0,0,0,{'RT': [], 'RW': [], 'LB': [], 'D': [], 'SP': [], 'M': [], 'CF': [], 'P': [], 'R': []},0,0,0,{'RT': [], 'RW': [], 'LB': [], 'D': [], 'SP': [], 'M': [], 'CF': [], 'P': [], 'R': []},0,0,0,0
54,2,148,0,0,0,{'RT': [], 'RW': [], 'LB': [], 'D': [], 'SP': [], 'M': [], 'CF': ['1'], 'P': [], 'R': []},5,0,1,{'RT': [], 'RW': ['1'], 'LB': ['1'], 'D': [], 'SP': [], 'M': ['1'], 'CF': ['1'], 'P': [], 'R': []},0,1,0,0
54,3,865,0,0,0,{'RT': [], 'RW': [], 'LB': [], 'D': [], 'SP': [], 'M': [], 'CF': [], 'P': [], 'R': []},0,0,1,{'RT': [], 'RW': ['1', '2'], 'LB': [], 'D': [], 'SP': [], 'M': [], 'CF': [], 'P': [], 'R': []},1,0,0,0
54,4,3683,0,0,0,{'RT': [], 'RW': [], 'LB': ['1'], 'D': [], 'SP': [], 'M': [], 'CF': [], 'P': [], 'R': []},0,6,0,{'RT': [], 'RW': [], 'LB': ['1'], 'D': [], 'SP': [], 'M': ['1', '2'], 'CF': [], 'P': [], 'R': []},1,0,0,0
54,5,2056,1,0,0,{'RT': [], 'RW': [], 'LB': [], 'D': [], 'SP': [], 'M': [], 'CF': ['1'], 'P': [], 'R': []},0,0,3,{'RT': [], 'RW': [], 'LB': [], 'D': [], 'SP': ['1'], 'M': [], 'CF': [], 'P': [], 'R': []},1,0,0,0
53,0,4618,0,0,0,{'RT': [], 'RW': [], 'LB': [], 'D': [], 'SP': [], 'M': [], 'CF': ['1'], 'P': [], 'R': []},0,4,2,{'RT': [], 'RW': [], 'LB': ['2'], 'D': [], 'SP': [], 'M': [], 'CF': ['1'], 'P': [], 'R': []},1,0,0,0
53,1,4678,1,0,0,{'RT': [], 'RW': [], 'LB': [], 'D': [], 'SP': ['1'], 'M': [], 'CF': [], 'P': [], 'R': []},5,0,1,{'RT': [], 'RW': ['1', '2'], 'LB': [], 'D': [], 'SP': ['1'], 'M': [], 'CF': [], 'P': [], 'R': []},1,0,0,0
53,2,5483,0,0,0,{'RT': [], 'RW': [], 'LB': [], 'D': [], 'SP': [], 'M': [], 'CF': [], 'P': [], 'R': []},0,1,0,{'RT': [], 'RW': [], 'LB': ['1'], 'D': [], 'SP': [], 'M': ['1'], 'CF': [], 'P': [], 'R': []},1,0,0,0
55,0,4917,0,0,0,{'RT': [], 'RW': ['1'], 'LB': [], 'D': [], 'SP': [], 'M': [], 'CF': [], 'P': [], 'R': []},2,0,3,{'RT': [], 'RW': ['1'], 'LB': ['1'], 'D': [], 'SP': [], 'M': [], 'CF': [], 'P': [], 'R': ['1']},0,0,0,0
55,1,1241,1,0,0,{'RT': [], 'RW': [], 'LB': [], 'D': [], 'SP': [], 'M': [], 'CF': ['1'], 'P': [], 'R': []},7,0,1,{'RT': [], 'RW': [], 'LB': [], 'D': [], 'SP': [], 'M': [], 'CF': ['1'], 'P': [], 'R': ['1']},1,0,0,0
55,2,4039,0,0,0,{'RT': [], 'RW': [], 'LB': ['1'], 'D': [], 'SP': [], 'M': [], 'CF': [], 'P': [], 'R': []},2,0,1,{'RT': [], 'RW': ['1'], 'LB': [], 'D': [], 'SP': [], 'M': [], 'CF': [], 'P': [], 'R': ['1']},1,0,0,0
55,3,5032,0,0,0,{'RT': [], 'RW': [], 'LB': [], 'D': [], 'SP': [], 'M': [], 'CF': [], 'P': [], 'R': []},0,0,0,{'RT': [], 'RW': [], 'LB': ['1'], 'D': [], 'SP': [], 'M': [], 'CF': [], 'P': [], 'R': []},1,0,1,0
55,4,5406,0,0,0,{'RT': [], 'RW': ['1'], 'LB': [], 'D': [], 'SP': [], 'M': [], 'CF': [], 'P': [], 'R': []},0,6,0,{'RT': [], 'RW': ['1', '2'], 'LB': [], 'D': [], 'SP': [], 'M': [], 'CF': ['1', '2'], 'P': [], 'R': []},0,1,0,0
55,5,4940,0,0,0,{'RT': [], 'RW': [], 'LB': [], 'D': [], 'SP': [], 'M': [], 'CF': [], 'P': [], 'R': ['1']},0,0,0,{'RT': [], 'RW': [], 'LB': ['1'], 'D': [], 'SP': ['1', '2'], 'M': [], 'CF': [], 'P': [], 'R': ['1', '2']},1,0,0,0
56,0,5158,0,0,0,{'RT': [], 'RW': [], 'LB': [], 'D': [], 'SP': [], 'M': ['1'], 'CF': [], 'P': [], 'R': []},0,0,0,{'RT': [], 'RW': [], 'LB': [], 'D': [], 'SP': [], 'M': ['1'], 'CF': [], 'P': [], 'R': []},1,0,0,0
56,1,1114,1,0,0,{'RT': [], 'RW': [], 'LB': [], 'D': [], 'SP': [], 'M': [], 'CF': ['1'], 'P': [], 'R': []},2,3,2,{'RT': [], 'RW': [], 'LB': ['1'], 'D': [], 'SP': [], 'M': ['1'], 'CF': ['1'], 'P': [], 'R': []},0,1,0,0
56,2,5033,0,0,0,{'RT': [], 'RW': [], 'LB': ['1'], 'D': [], 'SP': [], 'M': [], 'CF': [], 'P': [], 'R': []},0,3,0,{'RT': [], 'RW': ['2'], 'LB': [], 'D': [], 'SP': [], 'M': [], 'CF': [], 'P': [], 'R': []},1,0,0,0
56,3,3739,0,0,0,{'RT': [], 'RW': [], 'LB': [], 'D': [], 'SP': [], 'M': ['F'], 'CF': [], 'P': [], 'R': []},0,3,0,{'RT': [], 'RW': [], 'LB': ['1'], 'D': [], 'SP': [], 'M': ['1'], 'CF': [], 'P': [], 'R': []},1,0,0,0
56,4,5483,0,0,0,{'RT': [], 'RW': [], 'LB': [], 'D': [], 'SP': [], 'M': [], 'CF': [], 'P': [], 'R': []},0,0,0,{'RT': [], 'RW': [], 'LB': [], 'D': [], 'SP': [], 'M': [], 'CF': [], 'P': [], 'R': []},0,0,1,0
56,5,3560,0,0,0,{'RT': [], 'RW': ['1'], 'LB': [], 'D': [], 'SP': [], 'M': [], 'CF': [], 'P': [], 'R': []},0,1,1,{'RT': [], 'RW': ['1'], 'LB': ['1', '2'], 'D': [], 'SP': [], 'M': ['1', '2'], 'CF': [], 'P': [], 'R': []},1,0,0,0
53,5,4939,0,0,1,{'RT': [], 'RW': [], 'LB': [], 'D': [], 'SP': [], 'M': [], 'CF': [], 'P': [], 'R': []},0,0,0,{'RT': [], 'RW': ['1'], 'LB': [], 'D': [], 'SP': [], 'M': [], 'CF': [], 'P': [], 'R': []},0,0,1,0
57,0,4525,0,0,0,{'RT': [], 'RW': ["1"], 'LB': [], 'D': [], 'SP': [], 'M': [], 'CF': [], 'P': [], 'R': []},0,1,0,{'RT': [], 'RW': [], 'LB': [], 'D': [], 'SP': [], 'M': [], 'CF': [], 'P': [], 'R': []},1,0,0,0
57,1,5912,0,0,0,{'RT': [], 'RW': [], 'LB': ['1'], 'D': [], 'SP': [], 'M': [], 'CF': [], 'P': [], 'R': []},0,2,0,{'RT': [], 'RW': [], 'LB': ['1'], 'D': [], 'SP': [], 'M': ['1'], 'CF': [], 'P': [], 'R': []},1,0,0,0
57,2,4939,0,0,1,{'RT': [], 'RW': [], 'LB': [], 'D': [], 'SP': [], 'M': [], 'CF': [], 'P': [], 'R': []},0,3,2,{'RT': [], 'RW': [], 'LB': [], 'D': [], 'SP': [], 'M': [], 'CF': [], 'P': [], 'R': []},1,0,0,0
57,3,3683,0,1,0,{'RT': [], 'RW': [], 'LB': ['1'], 'D': [], 'SP': [], 'M': [], 'CF': [], 'P': [], 'R': []},0,5,0,{'RT': [], 'RW': [], 'LB': ['1', '2'], 'D': [], 'SP': [], 'M': ['1'], 'CF': [], 'P': [], 'R': []},1,0,0,0
58,0,4678,1,0,0,{'RT': [], 'RW': [], 'LB': [], 'D': [], 'SP': ['1'], 'M': [], 'CF': [], 'P': [], 'R': []},4,0,2,{'RT': [], 'RW': ['1'], 'LB': ['1'], 'D': [], 'SP': ['1'], 'M': [], 'CF': [], 'P': [], 'R': []},1,0,0,0
58,2,5519,0,0,0,{'RT': [], 'RW': [], 'LB': [], 'D': [], 'SP': [], 'M': [], 'CF': [], 'P': [], 'R': []},0,0,0,{'RT': [], 'RW': ['1'], 'LB': [], 'D': [], 'SP': [], 'M': ['2'], 'CF': [], 'P': [], 'R': []},1,0,0,0
59,0,5631,0,0,0,{'RT': [], 'RW': [], 'LB': [], 'D': [], 'SP': [], 'M': [], 'CF': [], 'P': [], 'R': []},0,1,0,{'RT': [], 'RW': [], 'LB': ['1', '2'], 'D': [], 'SP': [], 'M': [], 'CF': [], 'P': [], 'R': []},1,0,0,0
59,2,1360,0,0,0,{'RT': [], 'RW': ['1'], 'LB': [], 'D': [], 'SP': [], 'M': [], 'CF': [], 'P': [], 'R': []},0,0,0,{'RT': [], 'RW': [], 'LB': [], 'D': [], 'SP': [], 'M': [], 'CF': ['2'], 'P': [], 'R': []},0,0,0,0
58,1,3161,0,0,0,{'RT': [], 'RW': [], 'LB': [], 'D': [], 'SP': [], 'M': [], 'CF': [], 'P': [], 'R': []},0,1,0,{'RT': [], 'RW': [], 'LB': ['1'], 'D': [], 'SP': [], 'M': [], 'CF': [], 'P': [], 'R': []},1,0,0,0
58,3,5032,0,0,0,{'RT': [], 'RW': [], 'LB': [], 'D': [], 'SP': [], 'M': [], 'CF': [], 'P': [], 'R': []},0,0,0,{'RT': [], 'RW': [], 'LB': ['1'], 'D': [], 'SP': [], 'M': ['1'], 'CF': [], 'P': [], 'R': []},1,0,0,0
57,4,148,1,0,0,{'RT': [], 'RW': [], 'LB': [], 'D': [], 'SP': [], 'M': [], 'CF': ['1'], 'P': [], 'R': []},5,0,2,{'RT': [], 'RW': ['1', '2'], 'LB': ['1'], 'D': [], 'SP': [], 'M': [], 'CF': ['1'], 'P': [], 'R': []},0,1,0,0
57,5,5406,0,0,0,{'RT': [], 'RW': ['1'], 'LB': [], 'D': [], 'SP': [], 'M': [], 'CF': [], 'P': [], 'R': []},0,1,0,{'RT': [], 'RW': ['1'], 'LB': [], 'D': ['1', '2'], 'SP': [], 'M': ['1', '2'], 'CF': [], 'P': [], 'R': []},1,1,0,0
58,4,4618,0,0,0,{'RT': [], 'RW': [], 'LB': [], 'D': [], 'SP': [], 'M': [], 'CF': ['1'], 'P': [], 'R': []},3,0,1,{'RT': [], 'RW': [], 'LB': ['1'], 'D': [], 'SP': [], 'M': ['1'], 'CF': ['1'], 'P': [], 'R': []},1,0,0,0
58,5,4917,1,0,0,{'RT': [], 'RW': [], 'LB': ['1'], 'D': [], 'SP': [], 'M': [], 'CF': [], 'P': [], 'R': []},2,0,2,{'RT': [], 'RW': ['1', '2'], 'LB': [], 'D': [], 'SP': [], 'M': [], 'CF': [], 'P': [], 'R': []},1,0,0,0
60,0,865,0,0,0,{'RT': [], 'RW': [], 'LB': [], 'D': [], 'SP': [], 'M': [], 'CF': [], 'P': [], 'R': []},0,5,1,{'RT': [], 'RW': [], 'LB': ["2"], 'D': [], 'SP': [], 'M': [], 'CF': ['1'], 'P': [], 'R': []},1,0,0,0
60,1,4943,0,0,0,{'RT': [], 'RW': [], 'LB': ['1'], 'D': [], 'SP': [], 'M': [], 'CF': [], 'P': [], 'R': []},0,1,1,{'RT': [], 'RW': [], 'LB': ['1'], 'D': [], 'SP': [], 'M': [], 'CF': [], 'P': [], 'R': []},0,0,0,0
60,4,1285,0,0,0,{'RT': [], 'RW': ['1'], 'LB': [], 'D': [], 'SP': [], 'M': [], 'CF': [], 'P': [], 'R': []},0,2,0,{'RT': [], 'RW': ['1'], 'LB': [], 'D': [], 'SP': ['1', '2'], 'M': [], 'CF': ['1', '2'], 'P': [], 'R': []},1,0,0,0
58,2,3949,0,0,0,{'RT': [], 'RW': [], 'LB': [], 'D': [], 'SP': [], 'M': [], 'CF': [], 'P': [], 'R': []},0,0,0,{'RT': [], 'RW': ['2'], 'LB': [], 'D': [], 'SP': [], 'M': ['2'], 'CF': [], 'P': [], 'R': []},1,0,0,0
60,3,610,0,0,0,{'RT': [], 'RW': [], 'LB': ['1'], 'D': [], 'SP': [], 'M': [], 'CF': [], 'P': [], 'R': []},1,4,2,{'RT': [], 'RW': [], 'LB': ['1', '2'], 'D': [], 'SP': [], 'M': [], 'CF': [], 'P': [], 'R': []},0,0,1,0
60,5,4039,1,0,0,{'RT': [], 'RW': [], 'LB': [], 'D': [], 'SP': [], 'M': ['1'], 'CF': [], 'P': [], 'R': []},1,3,3,{'RT': [], 'RW': ['1'], 'LB': [], 'D': [], 'SP': [], 'M': ['1', '2'], 'CF': [], 'P': [], 'R': []},1,0,0,0
59,1,2702,0,0,0,{'RT': [], 'RW': [], 'LB': [], 'D': [], 'SP': [], 'M': ['1'], 'CF': [], 'P': [], 'R': []},3,0,3,{'RT': [], 'RW': ['1'], 'LB': [], 'D': [], 'SP': [], 'M': ['1', '2'], 'CF': [], 'P': [], 'R': []},1,0,0,0
59,3,1241,1,0,0,{'RT': [], 'RW': ['1'], 'LB': [], 'D': [], 'SP': [], 'M': [], 'CF': [], 'P': [], 'R': []},5,0,0,{'RT': [], 'RW': ['1'], 'LB': [], 'D': [], 'SP': [], 'M': [], 'CF': ['1', '2'], 'P': [], 'R': []},1,0,0,0
59,4,2056,0,0,0,{'RT': [], 'RW': [], 'LB': ['1'], 'D': [], 'SP': [], 'M': [], 'CF': [], 'P': [], 'R': []},4,0,2,{'RT': [], 'RW': [], 'LB': ['1', '2'], 'D': [], 'SP': [], 'M': [], 'CF': [], 'P': [], 'R': []},0,1,0,0
59,5,4940,0,0,0,{'RT': [], 'RW': [], 'LB': [], 'D': [], 'SP': [], 'M': ['1'], 'CF': [], 'P': [], 'R': []},0,0,0,{'RT': [], 'RW': [], 'LB': [], 'D': [], 'SP': ['1', '2'], 'M': ['1', '2'], 'CF': [], 'P': [], 'R': []},1,1,0,0
61,0,1241,1,0,0,{'RT': [], 'RW': ['1'], 'LB': [], 'D': [], 'SP': [], 'M': [], 'CF': [], 'P': [], 'R': []},8,0,1,{'RT': [], 'RW': ['1'], 'LB': [], 'D': [], 'SP': [], 'M': [], 'CF': [], 'P': ['1'], 'R': []},1,0,0,0
61,1,5406,0,0,0,{'RT': [], 'RW': [], 'LB': ['1'], 'D': [], 'SP': [], 'M': [], 'CF': [], 'P': [], 'R': []},0,3,0,{'RT': [], 'RW': [], 'LB': ['1', '2'], 'D': [], 'SP': [], 'M': ['1'], 'CF': [], 'P': ['1'], 'R': []},1,0,0,0
61,2,3560,0,0,0,{'RT': [], 'RW': [], 'LB': [], 'D': [], 'SP': [], 'M': ['1'], 'CF': [], 'P': [], 'R': []},0,0,0,{'RT': [], 'RW': [], 'LB': [], 'D': [], 'SP': [], 'M': [], 'CF': [], 'P': [], 'R': []},1,0,0,0
61,3,4678,1,0,0,{'RT': [], 'RW': [], 'LB': [], 'D': ['1'], 'SP': [], 'M': [], 'CF': [], 'P': [], 'R': []},2,1,0,{'RT': [], 'RW': ['1'], 'LB': ['1', '2'], 'D': ['1'], 'SP': [], 'M': [], 'CF': [], 'P': [], 'R': []},0,0,0,0
61,4,4917,1,0,0,{'RT': [], 'RW': [], 'LB': [], 'D': [], 'SP': [], 'M': ['1'], 'CF': [], 'P': [], 'R': []},2,0,3,{'RT': [], 'RW': [], 'LB': [], 'D': [], 'SP': [], 'M': ['1'], 'CF': [], 'P': [], 'R': []},1,0,0,0
61,5,3683,0,1,0,{'RT': [], 'RW': [], 'LB': ['1'], 'D': [], 'SP': [], 'M': [], 'CF': [], 'P': [], 'R': []},0,4,1,{'RT': [], 'RW': [], 'LB': ['1', '2'], 'D': [], 'SP': [], 'M': [], 'CF': ['1'], 'P': [], 'R': []},0,0,0,0
63,0,3739,0,0,1,{'RT': [], 'RW': [], 'LB': [], 'D': [], 'SP': [], 'M': [], 'CF': [], 'P': [], 'R': []},0,3,1,{'RT': [], 'RW': [], 'LB': ['1', '2'], 'D': [], 'SP': [], 'M': ['1'], 'CF': [], 'P': [], 'R': []},1,0,0,0
63,1,3161,0,0,0,{'RT': [], 'RW': [], 'LB': [], 'D': [], 'SP': [], 'M': [], 'CF': [], 'P': [], 'R': []},0,0,0,{'RT': [], 'RW': [], 'LB': [], 'D': [], 'SP': [], 'M': [], 'CF': [], 'P': [], 'R': []},0,0,0,0
63,4,5519,0,0,0,{'RT': [], 'RW': [], 'LB': [], 'D': [], 'SP': [], 'M': [], 'CF': [], 'P': [], 'R': []},0,0,0,{'RT': [], 'RW': [], 'LB': [], 'D': [], 'SP': [], 'M': ['1', '2'], 'CF': [], 'P': [], 'R': []},0,0,0,0
63,2,2056,0,0,0,{'RT': [], 'RW': [], 'LB': [], 'D': [], 'SP': [], 'M': [], 'CF': [], 'P': ['1'], 'R': []},3,2,1,{'RT': [], 'RW': ['2'], 'LB': [], 'D': [], 'SP': [], 'M': ['1'], 'CF': [], 'P': ['1'], 'R': []},1,0,0,0
63,3,3949,0,0,0,{'RT': [], 'RW': [], 'LB': [], 'D': [], 'SP': [], 'M': [], 'CF': [], 'P': [], 'R': []},0,0,0,{'RT': [], 'RW': ['1', '2'], 'LB': ['1', '2'], 'D': ['1'], 'SP': [], 'M': [], 'CF': [], 'P': [], 'R': []},1,0,0,0
62,0,4940,0,0,0,{'RT': [], 'RW': [], 'LB': ['1'], 'D': [], 'SP': [], 'M': [], 'CF': [], 'P': [], 'R': []},0,0,0,{'RT': [], 'RW': [], 'LB': ['1'], 'D': [], 'SP': [], 'M': [], 'CF': ['1', '2'], 'P': [], 'R': []},0,1,0,0
62,1,5033,0,0,0,{'RT': [], 'RW': ["1"], 'LB': [], 'D': [], 'SP': [], 'M': [], 'CF': [], 'P': [], 'R': []},0,3,0,{'RT': [], 'RW': ['1', '2'], 'LB': [], 'D': [], 'SP': [], 'M': [], 'CF': [], 'P': [], 'R': []},1,0,0,0
62,2,2702,0,0,0,{'RT': [], 'RW': [], 'LB': [], 'D': [], 'SP': [], 'M': [], 'CF': [], 'P': [], 'R': []},1,0,3,{'RT': [], 'RW': [], 'LB': [], 'D': [], 'SP': [], 'M': ['2'], 'CF': [], 'P': [], 'R': []},1,0,0,0
64,0,4618,0,0,0,{'RT': [], 'RW': [], 'LB': [], 'D': [], 'SP': [], 'M': [], 'CF': ['1'], 'P': [], 'R': []},1,1,1,{'RT': [], 'RW': [], 'LB': ['1'], 'D': [], 'SP': [], 'M': [], 'CF': ['1'], 'P': [], 'R': ['2']},1,0,0,0
64,1,865,0,0,0,{'RT': [], 'RW': [], 'LB': [], 'D': [], 'SP': [], 'M': [], 'CF': [], 'P': [], 'R': []},0,5,1,{'RT': [], 'RW': [], 'LB': ['1', '2'], 'D': [], 'SP': [], 'M': [], 'CF': [], 'P': [], 'R': []},1,0,0,0
64,4,148,1,0,0,{'RT': [], 'RW': ['1'], 'LB': [], 'D': [], 'SP': [], 'M': [], 'CF': [], 'P': [], 'R': []},4,0,3,{'RT': [], 'RW': ['1', '2'], 'LB': ['1'], 'D': [], 'SP': [], 'M': [], 'CF': ['1', '2'], 'P': [], 'R': []},1,0,0,0
64,2,4939,0,0,1,{'RT': [], 'RW': [], 'LB': [], 'D': [], 'SP': [], 'M': [], 'CF': [], 'P': [], 'R': []},0,3,0,{'RT': [], 'RW': ['2'], 'LB': [], 'D': [], 'SP': [], 'M': [], 'CF': [], 'P': [], 'R': []},1,0,0,0
64,3,1114,1,0,0,{'RT': [], 'RW': [], 'LB': [], 'D': [], 'SP': [], 'M': [], 'CF': ['1'], 'P': [], 'R': []},3,0,4,{'RT': [], 'RW': [], 'LB': ['1'], 'D': [], 'SP': [], 'M': [], 'CF': [], 'P': [], 'R': ['1', '2']},0,1,0,0
64,5,4943,0,0,0,{'RT': [], 'RW': [], 'LB': ['1'], 'D': [], 'SP': [], 'M': [], 'CF': [], 'P': [], 'R': []},0,0,0,{'RT': [], 'RW': [], 'LB': [], 'D': [], 'SP': [], 'M': [], 'CF': [], 'P': [], 'R': []},0,0,1,0
62,3,5032,0,0,0,{'RT': [], 'RW': [], 'LB': [], 'D': [], 'SP': [], 'M': [], 'CF': [], 'P': [], 'R': []},0,0,0,{'RT': [], 'RW': ['1', '2'], 'LB': [], 'D': [], 'SP': [], 'M': [], 'CF': [], 'P': [], 'R': []},1,0,0,0
62,4,4039,1,0,0,{'RT': [], 'RW': [], 'LB': [], 'D': [], 'SP': [], 'M': [], 'CF': [], 'P': [], 'R': ['1']},3,0,2,{'RT': [], 'RW': [], 'LB': [], 'D': [], 'SP': [], 'M': [], 'CF': ['1', '2'], 'P': [], 'R': ['1', '2']},1,0,0,0
65,0,5631,0,0,0,{'RT': [], 'RW': [], 'LB': ['1'], 'D': [], 'SP': [], 'M': [], 'CF': [], 'P': [], 'R': []},0,2,2,{'RT': [], 'RW': [], 'LB': ['1', '2'], 'D': [], 'SP': [], 'M': [], 'CF': [], 'P': [], 'R': []},1,0,0,0
65,1,1285,0,0,0,{'RT': [], 'RW': [], 'LB': [], 'D': [], 'SP': [], 'M': ['1'], 'CF': [], 'P': [], 'R': []},0,3,0,{'RT': [], 'RW': ['1'], 'LB': [], 'D': [], 'SP': [], 'M': [], 'CF': ['1', '2'], 'P': [], 'R': []},0,0,0,0
65,2,610,0,0,1,{'RT': [], 'RW': [], 'LB': [], 'D': [], 'SP': [], 'M': [], 'CF': [], 'P': [], 'R': []},8,0,3,{'RT': [], 'RW': ['1'], 'LB': [], 'D': [], 'SP': [], 'M': ['1'], 'CF': [], 'P': [], 'R': []},0,1,0,0
65,3,5158,0,0,0,{'RT': [], 'RW': [], 'LB': [], 'D': [], 'SP': [], 'M': ['1'], 'CF': [], 'P': [], 'R': []},0,0,0,{'RT': [], 'RW': [], 'LB': [], 'D': [], 'SP': [], 'M': [], 'CF': [], 'P': [], 'R': []},0,0,1,0
65,4,1360,0,0,0,{'RT': [], 'RW': ['1'], 'LB': [], 'D': [], 'SP': [], 'M': [], 'CF': [], 'P': [], 'R': []},0,0,0,{'RT': [], 'RW': ['1', '2'], 'LB': [], 'D': [], 'SP': [], 'M': ['1'], 'CF': ['1', '2'], 'P': [], 'R': []},1,0,0,0
65,5,5483,0,0,0,{'RT': [], 'RW': [], 'LB': [], 'D': [], 'SP': [], 'M': [], 'CF': [], 'P': [], 'R': []},0,4,0,{'RT': [], 'RW': [], 'LB': ['1', '2', 'F'], 'D': [], 'SP': [], 'M': ['1', '2', 'F'], 'CF': [], 'P': [], 'R': []},1,0,0,0
62,5,5912,0,0,0,{'RT': [], 'RW': [], 'LB': ['1'], 'D': [], 'SP': [], 'M': [], 'CF': [], 'P': [], 'R': []},0,3,0,{'RT': [], 'RW': [], 'LB': ['2', 'F'], 'D': [], 'SP': [], 'M': [], 'CF': [], 'P': [], 'R': []},1,0,0,0
